conversation_id,title,total_messages,user_messages,assistant_messages,user_assistant_ratio,duration_minutes,active_days,messages_per_hour,avg_user_message_length,median_user_message_length,max_user_message_length,avg_user_words,total_user_words,first_hour,first_day,first_month,first_year,peak_user_hour,technical_term_count,primary_intent,primary_intent_score,depth_score,builder_score,learning_score,troubleshooting_score,technical_score,interaction_intensity,persistence_score,iteration_score,conversation_type,is_builder,is_learner,is_troubleshooter,is_researcher,is_creator,is_planner,dna_depth,dna_technical,dna_iteration,dna_persistence,dna_intensity,dna_builder,dna_learner,dna_troubleshooter,dna_researcher,dna_creator,dna_explorer
6835b17f-40fc-8004-a04c-1eb86bb4fb77,Copy GitHub Link Resume,18,9,9,1.0,15.075114716666668,1,71.64124587430032,60.77777777777778,12.0,423,10.333333333333334,93,12,Tuesday,May,2025,12,7,build,3,56.708160442600274,91.2863070539419,38.09128630705394,49.543568464730285,82.57261410788381,46.47302904564315,51.86721991701245,69.29460580912863,Builder,1,0,0,0,0,0,0.8719687629443903,0.25257349344964913,0.9287573194534808,0.023550705064864244,0.016282463159542366,40.380815931669915,0.7553285650521948,0.376628155538889,0.9846208910138348,0.7553285650521948,0.7324413946234228
6835b736-07c0-8004-84fd-e0cdf4e9b9e3,Education Details Summary,20,10,10,1.0,16.143247433333332,1,74.33448597970343,90.5,32.0,539,13.4,134,12,Tuesday,May,2025,13,21,build,3,57.60719225449515,94.81327800829877,43.40248962655602,53.77593360995851,89.62655601659752,47.71784232365145,52.365145228215766,71.36929460580913,Builder,1,0,0,0,0,0,0.9761768135149371,0.7051372537938136,1.0412600303621773,0.025219367562837658,0.016894576785720372,40.63159211174027,1.123083107324005,0.6581863534091197,1.4650480403014878,1.123083107324005,1.003988204883757
6836a46f-e138-8004-88f4-a95d88561f35,NVD CPE API Design,2,1,1,1.0,0.0188140666666666,1,6378.206377497688,0.0,0.0,0,0.0,0,5,Wednesday,May,2025,5,0,other,0,20.74688796680498,10.477178423236516,0.6224066390041494,12.572614107883815,20.95435684647303,92.5311203319502,22.738589211618255,9.75103734439834,Explorer,0,0,0,0,0,0,0.03194685007015528,0.0,0.02873563218390805,2.939178530081071e-05,1.4496245716857243,0.015964240102171137,0.0,0.0,0.0,0.0,0.012786087974387315
68493691-33d8-8004-b826-e978f53599b2,React Frontend Backend Database,40,20,20,1.0,84.66112591666666,1,28.348311861129268,151.25,50.0,1276,15.95,319,7,Wednesday,June,2025,8,6,troubleshoot,7,68.32641770401106,39.73029045643153,48.29875518672199,87.67634854771784,79.46058091286307,26.970954356846477,63.07053941908714,85.47717842323651,Problem Solver,0,0,1,0,0,0,2.074728347286688,0.30326684116359004,2.1662871394491434,0.1322596374486241,0.00644294132354888,0.7163972353558221,1.9114450228483024,40.704674986868014,2.4714712981835407,1.9114450228483024,1.8385107918109198
684ebf5d-2e44-8004-9ac5-fca96fbb28b1,FlashTalk Nerves Solution,23,11,12,0.9166666666666666,30.9386982,1,44.60433309375635,56.72727272727273,28.0,185,10.727272727272728,118,12,Sunday,June,2025,12,0,other,0,60.7192254495159,10.477178423236516,37.71784232365145,12.572614107883815,20.95435684647303,36.09958506224066,56.099585062240656,74.06639004149378,Explorer,0,0,0,0,0,0,1.1257165598209873,0.04279186712762614,1.182498373454782,0.04833317491066873,0.010137573704808734,0.351213282247765,0.7163037774762081,0.3144654088050315,0.9265437918831934,0.7163037774762081,0.7826730649043517
684ec6b2-1920-8004-b0a7-fa08e5c07a03,Chocolate Face Mask Tips,6,3,3,1.0,3.58236905,1,100.49215895274666,26.666666666666668,20.0,43,6.333333333333333,19,13,Sunday,June,2025,13,1,other,0,38.31258644536653,26.45228215767635,14.149377593360995,31.74273858921162,52.9045643153527,56.43153526970954,39.66804979253112,34.75103734439834,Explorer,0,0,0,0,0,0,0.2417565423988608,0.03815417301714727,0.25374105400130126,0.005596462681426465,0.022839634570871476,0.09545317907271365,0.32349837887780736,0.08075820011741541,0.426737694574789,0.32349837887780736,0.28232077766793606
684ee81c-3bb4-8004-894c-7ac6fa07bfe9,Full Stack Roadmap,95,44,51,0.8627450980392157,95.29581493333332,1,59.81374947039997,553.8409090909091,372.0,2324,37.22727272727273,1638,15,Sunday,June,2025,16,69,troubleshoot,38,71.36929460580913,47.71784232365145,56.01659751037344,97.26141078838174,95.4356846473029,43.98340248962656,63.81742738589213,93.15352697095436,Problem Solver,0,0,1,0,0,0,4.7845745885314965,2.7512221801385324,5.0675016265452175,0.14887340319404632,0.013594336060189236,2.5792450903722868,7.1696548690847415,42.584894424453864,9.1635337330449,7.1696548690847415,6.054717470003454
68543705-7524-8004-ab7b-10aa014f57ac,Backtracking in Rat Maze,9,4,5,0.8,32.52341826666667,1,16.603420820419956,176.25,192.0,274,50.5,202,16,Thursday,June,2025,16,1,learn,1,52.4896265560166,26.45228215767635,87.96680497925311,31.74273858921162,52.9045643153527,21.99170124481328,56.59751037344398,46.2655601659751,Learner,0,1,0,0,0,0,0.40510790901938365,0.10451783135914375,0.3949793970939059,0.05080886253241379,0.003773588587574335,0.14334589937922707,42.16583595146029,0.11220474099791855,2.8389453524567663,2.1658359514602883,1.5714662022269612
68944e80-a1f4-8326-9c15-1f4725045c25,Student guidance plan,51,25,26,0.9615384615384616,37.16699483333333,1,82.33111161453466,93.44,45.0,947,16.12,403,7,Thursday,August,2025,7,4,planning,4,66.9432918395574,36.82572614107884,46.39004149377593,44.190871369294605,73.65145228215768,53.11203319502075,58.3402489626556,89.41908713692946,Planner,0,0,0,0,0,1,2.5761097172563354,0.27120093402395984,2.7575363261765347,0.058063168998604475,0.018712032089725626,0.8607399193559887,1.25554010862635,0.826177454557712,1.576623407815736,1.25554010862635,1.5046279276703811
68a9e2a9-b19c-8328-8256-444a4d24f0af,Fake news detection model,32,16,16,1.0,72.08263825,1,26.6360949961484,24.5625,13.5,124,3.5625,57,15,Saturday,August,2025,16,1,learn,1,66.39004149377594,26.45228215767635,59.87551867219917,31.74273858921162,52.9045643153527,25.311203319502077,61.825726141078846,82.05394190871368,Learner,0,1,0,0,0,0,1.6497862921710909,0.05193460480400992,1.7162762958143571,0.11260922292327442,0.006053792479402394,0.5105234217291632,40.31229644780419,0.4895632315639563,0.40261483195204956,0.31229644780418414,0.6604153978649375
68d3db8b-2e4c-8327-a57b-3b5635b037d5,Explain PDF tasks,16,8,8,1.0,13.293423533333334,1,72.21615993749049,11.0,6.5,44,2.75,22,11,Wednesday,September,2025,12,2,learn,2,54.28769017980636,33.29875518672199,48.25726141078838,39.95850622406639,66.59751037344398,46.88796680497925,50.12448132780083,65.35269709543569,Learner,0,1,0,0,0,0,0.7670640010506278,0.07050605896614184,0.8162546085447842,0.020767304449745717,0.016413128350237418,0.270727558656283,40.138579011949766,0.25585602287634024,0.17945325278721352,0.13857901194976507,0.2943405414174366
68d3e227-4c64-832a-82c0-912dcda7e97b,Set margins in doc,4,2,2,1.0,1.5991052,1,150.08393444033572,100.5,100.5,180,17.5,35,12,Wednesday,September,2025,12,0,build,1,31.3969571230982,60.47717842323652,38.25726141078839,12.572614107883815,20.95435684647303,65.14522821576763,33.44398340248963,24.5850622406639,Builder,1,0,0,0,0,0,0.1366549669770162,0.012692502961584024,0.14123834309260463,0.002498160421376743,0.03411074309974518,40.047892720306514,1.2059095172089516,0.03144654088050315,1.5994176876375459,1.2059095172089516,0.8435029345952001
68f71fde-79a8-8324-abf3-24ab6aa5b0f9,Suggest final year project,23,10,13,0.7692307692307693,87.11229326666667,1,15.841621753379483,1503.6,30.5,14772,217.1,2171,5,Tuesday,October,2025,6,49,learn,15,64.73029045643153,46.2655601659751,98.83817427385893,55.51867219917012,92.5311203319502,21.16182572614108,63.3195020746888,72.9253112033195,Learner,0,1,0,0,0,0,1.1412557179990812,2.3192317256220503,1.1274669269139015,0.1360889097566254,0.003600448588504192,1.1171802317788055,58.639249096434014,1.1584096673885749,24.327466910872044,18.639249096434014,12.775181144965869
6905dceb-7e14-8321-988d-b09b1942d2a0,Online duplicate marksheet process,17,8,9,0.8888888888888888,120.52558513333334,1,8.462933400170668,34.125,13.0,123,6.625,53,10,Saturday,November,2025,10,1,other,0,63.55463347164592,26.45228215767635,26.016597510373444,31.74273858921162,52.9045643153527,15.352697095435683,65.31120331950208,66.59751037344398,Explorer,0,0,0,0,0,0,0.9036928873038477,0.05048403303697175,0.8449902407286922,0.18828795412795013,0.001923436696672122,0.2710598201965962,0.4243795844823246,0.23799090451993113,0.5530260620342623,0.4243795844823246,0.581405973359982
691b0f5a-fa04-8320-af2f-472835e63dc6,Professional description write,32,16,16,1.0,60.06014183333333,1,31.967956474828057,235.9375,41.5,2412,34.0,544,12,Monday,November,2025,12,54,build,22,65.83679114799446,96.99170124481329,51.99170124481327,56.39004149377593,93.98340248962656,28.21576763485477,60.8298755186722,82.05394190871368,Builder,1,0,0,0,0,0,1.6380476473674765,1.8855314449978526,1.7162762958143571,0.09382739123749143,0.007265606107695643,41.339018285507635,2.9985179523469254,1.4364145044536394,3.8665054295844397,2.9985179523469254,2.4418388183838737
691c04c4-a754-832b-aa22-554a30c9384e,Python 3 code,6,3,3,1.0,5.129317833333333,1,70.18477148374538,14.666666666666666,18.0,18,3.333333333333333,10,5,Tuesday,November,2025,5,4,other,0,39.55739972337483,36.82572614107884,5.643153526970955,44.190871369294605,73.65145228215768,46.058091286307054,41.90871369294606,34.75103734439834,Explorer,0,0,0,0,0,0,0.24326696766060257,0.1286822579124592,0.25374105400130126,0.008013143100213322,0.015951438896666795,0.14234911475828757,0.1777609190590023,0.13435355518664274,0.2345969391336061,0.1777609190590023,0.1863708113314594
691c6e8a-bb88-8324-ab2e-7edc28529cfa,Trip description prompt,4,2,2,1.0,1.2757531333333332,1,188.12417052264607,68.0,68.0,136,13.0,26,13,Tuesday,November,2025,13,0,other,0,31.258644536652834,10.477178423236516,32.946058091286304,12.572614107883815,20.95435684647303,70.12448132780082,33.19502074688796,24.5850622406639,Explorer,0,0,0,0,0,0,0.13633924926535587,0.009428716485748133,0.14123834309260463,0.001993012082720199,0.04275644342267473,0.047892720306513405,0.8167795320959071,0.03144654088050315,1.0827535651373776,0.8167795320959071,0.583830370350509
6921991e-d54c-8320-96cf-29f1cbc3a0cb,Movie emotional impact,10,5,5,1.0,3.6164397833333335,1,165.9090254357754,50.6,53.0,80,10.0,50,11,Saturday,November,2025,11,1,create_content,1,44.46749654218534,26.45228215767635,31.53526970954357,31.74273858921162,52.9045643153527,68.04979253112033,40.4149377593361,51.55601659751038,Creator,0,0,0,0,1,0,0.4481200817394676,0.04939610421169312,0.47874647581869445,0.005649688796594256,0.037707434614319836,0.1593101394813982,0.6188961363508308,0.14365128187842172,0.8131067504091231,40.618896136350834,0.5303647973678165
69288364-ae94-8324-a8df-d500d4d5ba5f,Railway exam details,20,10,10,1.0,13.47379995,1,89.06173495621776,32.3,26.5,84,6.0,60,16,Thursday,November,2025,17,4,learn,3,56.77731673582296,36.82572614107884,64.93775933609959,44.190871369294605,73.65145228215768,55.18672199170125,50.87136929460581,71.36929460580913,Learner,0,1,0,0,0,0,0.9735703917916325,0.14681440500043638,1.0412600303621773,0.02104909280555022,0.0202417532058826,0.36584847618868344,40.4052502139204,0.3544793413501648,0.5258279008901492,0.4052502139203981,0.5233478052360419
6928876c-6210-8321-bc0a-31ce4cdfaefe,Session reminder request,4,2,2,1.0,0.9050381333333332,1,265.18219637448794,32.0,32.0,54,5.5,11,17,Thursday,November,2025,17,1,other,0,30.290456431535272,26.45228215767635,15.850622406639005,31.74273858921162,52.9045643153527,76.76348547717843,31.45228215767635,24.5850622406639,Explorer,0,0,0,0,0,0,0.13597728686108024,0.03525302948307092,0.14123834309260463,0.0014138722358791782,0.0602700202982239,0.06352469886837138,0.3839188679406062,0.04931165923691226,0.5092324423479051,0.3839188679406062,0.2949670243235545
692a871f-36f0-8320-a22d-18e02fb57a26,Fill form details,8,4,4,1.0,5.906927483333333,1,81.26052018656772,97.0,20.5,345,10.5,42,5,Saturday,November,2025,5,2,other,0,44.05255878284924,33.29875518672199,39.79253112033196,39.95850622406639,66.59751037344398,52.69709543568465,44.149377593361,43.98340248962656,Explorer,0,0,0,0,0,0,0.3471913544255084,0.07775891780133272,0.36624376490999777,0.009227943509161165,0.01846871044906936,0.14301363783891388,1.1668931964095688,0.13006985935432766,1.5457035928434915,1.1668931964095688,0.8719425139331183
692a921c-2600-8321-ae1d-a2e3a4e29883,Email draft for upload issue,10,5,5,1.0,666.0519462833333,1,0.900830638433064,105.4,55.0,330,19.4,97,6,Saturday,November,2025,17,1,other,0,61.61825726141078,26.45228215767635,44.31535269709544,31.74273858921162,52.9045643153527,6.639004149377594,71.28630705394191,51.55601659751038,Explorer,0,0,0,0,0,0,1.0949154598878832,0.06644032247439166,0.47874647581869445,1.0405222938340593,0.00020473878565720356,0.1593101394813982,1.2865701295464222,0.14365128187842172,1.6919759291614458,1.2865701295464222,1.4929170953502764
692d8b87-474c-8326-a0ca-5f479cd50d8a,Colab notebook access help,33,16,17,0.9411764705882352,50.35446675,1,39.32123856718233,587.4375,79.0,3535,52.125,834,12,Monday,December,2025,13,52,troubleshoot,19,65.56016597510373,46.57676348547718,55.518672199170126,95.8921161825726,93.15352697095436,32.365145228215766,59.834024896265554,82.4688796680498,Problem Solver,0,0,1,0,0,0,1.6604996038587738,1.928169983860688,1.7450119279982652,0.07866495329661938,0.00893684372101905,1.3237185684860908,7.276975753795001,41.40068426774082,9.501004862775028,7.276975753795001,5.299334192460559
692d9813-fe20-8323-8683-10cff801b827,Fix librosa warnings,2,1,1,1.0,0.0157102,1,7638.3496072615235,1280.0,1280.0,1280,142.0,142,13,Monday,December,2025,13,6,troubleshoot,6,19.91701244813278,39.73029045643153,54.77178423236515,87.67634854771784,79.46058091286307,95.0207468879668,21.244813278008294,9.75103734439834,Problem Solver,0,0,1,0,0,0,0.03194381948590264,0.23907904047215084,0.02873563218390805,2.454285049658579e-05,1.7360271246281607,0.10975611147331897,15.248687120979907,40.107190710138454,20.297252629486643,15.248687120979907,10.17857507749359
692e7fd4-d38c-8323-8945-93d87812eb72,Accuracy improvement guide,32,15,17,0.8823529411764706,195.31026175,1,9.830512656102156,215.2,93.0,955,22.866666666666667,343,5,Tuesday,December,2025,6,29,troubleshoot,10,69.70954356846472,45.850622406639005,50.04149377593362,95.0207468879668,91.701244813278,16.59751037344398,67.80082987551867,81.12033195020746,Problem Solver,0,0,1,0,0,0,1.730796330535032,1.0310412856112858,1.6612448492734764,0.3051183660665865,0.0022342570708952176,0.9482188214611864,2.6794144043074386,40.95834000466291,3.4896281863942358,2.6794144043074386,2.3347486071054298
692eeb72-a33c-8323-8817-084ab69dfe21,Simple explanation of error,8,4,4,1.0,12.7666639,1,37.59791937500603,787.25,810.0,1505,64.25,257,13,Tuesday,December,2025,13,16,troubleshoot,16,47.23374827109267,43.98340248962656,54.77178423236514,92.78008298755186,87.96680497925311,30.70539419087137,49.87551867219917,43.98340248962656,Problem Solver,0,0,1,0,0,0,0.3538891321956925,0.5934225500116578,0.36624376490999777,0.019944387941455793,0.008545171564619425,0.36186133770492546,9.440065847636578,40.38018151634405,12.524621639493972,9.440065847636578,6.392749170300606
6931a47b-a30c-8321-937e-70a157b54bb6,Modify code for input,34,16,18,0.8888888888888888,75.70433725,1,26.9469369141066,917.1875,86.0,10001,83.375,1334,15,Thursday,December,2025,16,52,troubleshoot,17,67.49654218533887,46.57676348547718,57.59336099585063,95.8921161825726,93.15352697095436,25.72614107883817,62.57261410788382,83.09128630705393,Problem Solver,0,0,1,0,0,0,1.7171794431240013,2.1094914547404597,1.773747560182173,0.11826712779403573,0.006124439939756116,1.339682808588262,11.373355040078447,41.40068426774082,14.841962930566444,11.373355040078447,8.062826195979968
6931b7e6-8604-8323-a793-3dae880879b7,Code update steps,26,13,13,1.0,33.988216466666664,1,45.89826010817431,825.8461538461538,472.0,4027,80.53846153846153,1047,16,Thursday,December,2025,16,58,troubleshoot,30,62.3789764868603,47.5103734439834,57.09543568464731,97.01244813278008,95.0207468879668,36.92946058091287,57.0954356846473,77.38589211618259,Problem Solver,0,0,1,0,0,0,1.3030958716557732,2.192996673197767,1.3787681630882673,0.053097205343470816,0.010431654561252283,1.3057607591420406,10.184798422907612,41.41353535523777,13.326606457195323,10.184798422907612,7.1356990199869
69382131-d750-8320-bc57-115d88d2d28d,Code explanation and logic,30,14,16,0.875,187.12473061666665,1,9.619252324736168,246.3571428571429,29.5,1517,27.428571428571427,384,13,Tuesday,December,2025,13,25,learn,12,68.81051175656984,45.43568464730291,91.53526970954356,54.52282157676349,90.8713692946058,16.182572614107883,67.30290456431536,79.35684647302904,Learner,0,1,0,0,0,0,1.6196389236042505,0.9208538177285631,1.5487421383647797,0.29233073339223803,0.002186242292249759,0.8537624270094122,43.064205481063645,0.8554329903567686,3.99277071499442,3.064205481063647,2.559339391108921
693da768-7ed0-8321-9176-990dbc714b64,Engineering simplified,2,1,1,1.0,0.0002727333333333,1,439990.2224395014,34.0,34.0,34,6.0,6,17,Saturday,December,2025,17,0,build,1,18.25726141078838,60.47717842323652,15.975103734439834,12.572614107883815,20.95435684647303,100.0,18.25726141078838,9.75103734439834,Builder,1,0,0,0,0,0,0.03192874649843089,0.002175857650557261,0.02873563218390805,4.260705417776144e-07,100.0,40.01596424010217,0.40585126545563677,0.0,0.5396844488404776,0.40585126545563677,0.2833391154207656
69444b1c-65c8-8323-8456-91f586a8982a,Task three guide,34,17,17,1.0,46.57530206666667,1,43.80003799180942,28.529411764705884,9.0,121,5.0588235294117645,86,18,Thursday,December,2025,19,7,troubleshoot,1,65.6984785615491,41.286307053941904,23.81742738589212,89.54356846473028,82.57261410788381,35.26970954356847,59.33609958506224,83.92116182572614,Problem Solver,0,0,1,0,0,0,1.7280463217071602,0.2500349928573323,1.8287790067230536,0.07276105176608338,0.009954775301360685,0.6362437733046533,0.36991146736063485,40.62820048258291,0.4724237611532994,0.36991146736063485,0.7044441094874496
6944577e-17b4-8320-9dd2-1ada874e1b21,Global demand visualization,39,19,20,0.95,1116.4993409833332,2,2.095836436355703,346.05263157894734,19.0,4825,58.21052631578947,1106,19,Thursday,December,2025,19,15,build,18,89.90318118948824,93.46473029045644,54.35684647302905,52.15767634854772,86.92946058091286,8.29875518672199,92.448132780083,85.06224066390041,Builder,1,0,0,0,0,0,3.01096816522477,0.8700424504417943,4.939662917867212,10.31565056766608,0.00047633704784062113,40.84112080231037,4.50969889284054,0.8340145111951933,5.7455431280633515,4.50969889284054,7.221032682927975
694e044a-4b8c-8324-8421-cb8831ea984f,PDF Layout Adjustment,8,4,4,1.0,3.0066182666666665,1,159.64780275620402,50.25,28.0,145,9.75,39,3,Friday,December,2025,3,0,build,1,40.73305670816044,60.47717842323652,30.04149377593361,12.572614107883815,20.95435684647303,66.39004149377593,38.17427385892116,43.98340248962656,Builder,1,0,0,0,0,0,0.34435952162347055,0.0141430747286222,0.36624376490999777,0.004697011025900618,0.03628439783753503,40.1117496807152,0.6107515818523059,0.09433962264150944,0.8049067259839932,0.6107515818523059,0.4989159713199793
696fa602-b6dc-8328-88be-50f52c6bc1b1,Tamil Film Character Match,4,2,2,1.0,0.9820999833333331,1,244.37430411659207,64.0,64.0,64,12.0,24,15,Tuesday,January,2026,15,0,other,0,30.42876901798063,10.477178423236516,31.6597510373444,12.572614107883815,20.95435684647303,75.10373443983403,31.70124481327801,24.5850622406639,Explorer,0,0,0,0,0,0,0.13605252927777212,0.008703430602229044,0.14123834309260463,0.0015342601025861787,0.05554084878560989,0.047892720306513405,0.7685630217647315,0.03144654088050315,1.0189484086181562,0.7685630217647315,0.5514566541396583
697222e5-ca28-8321-8557-ab9b6c541de4,Clarification on Request,16,8,8,1.0,35.44541385,1,27.083898753801684,642.0,236.5,3126,52.375,419,13,Thursday,January,2026,13,20,troubleshoot,16,58.57538035961272,44.50207468879668,54.85477178423237,93.40248962655602,89.00414937759335,26.14107883817428,57.84232365145228,65.35269709543569,Problem Solver,0,0,1,0,0,0,0.7886929820050302,0.7772265350715676,0.8162546085447842,0.055373673976789675,0.006155568322322371,0.5521031727697264,7.774288916446103,40.577428153291706,10.264420293529971,7.774288916446103,5.4021169958451845
6974befb-f3ec-8323-acf0-b5a6191fd794,Murder Mystery Kaveri House,2,1,1,1.0,0.0089003333333333,1,13482.641099584283,66.0,66.0,66,13.0,13,12,Saturday,January,2026,12,0,other,0,18.94882434301521,10.477178423236516,29.87551867219917,12.572614107883815,20.95435684647303,97.9253112033195,19.50207468879668,9.75103734439834,Explorer,0,0,0,0,0,0,0.0319371704004557,0.0047143582428740664,0.02873563218390805,1.3904313781478161e-05,3.0643047076888497,0.015964240102171137,0.7883195616292048,0.0,1.0479498433436905,0.7883195616292048,0.5383247186580976
6974bf7b-4738-83a1-aa23-1af962ea4a6f,Data Analytics Project Ideas,8,4,4,1.0,3.5023416833333334,1,137.05116273611625,15.75,14.5,31,2.75,11,12,Saturday,January,2026,12,1,build,1,41.286307053941904,76.45228215767635,6.721991701244813,31.74273858921162,52.9045643153527,63.07053941908713,39.17012448132781,43.98340248962656,Builder,1,0,0,0,0,0,0.34484354099078074,0.03525302948307092,0.36624376490999777,0.005471442013596936,0.031148683708525086,40.127381659277056,0.1909857686220021,0.11220474099791855,0.2519883099230995,0.1909857686220021,0.21945931132695826
6974c0e7-9dc0-8324-a217-5779dbd4d24a,Branch · Data Analytics Project Ideas,42,21,21,1.0,1057.4631912166667,2,2.383061671490057,54.71428571428572,31.0,316,7.333333333333333,154,12,Saturday,January,2026,13,11,troubleshoot,2,90.0414937759336,42.427385892116185,37.385892116182575,90.91286307053944,84.85477178423237,9.12863070539419,91.95020746887968,86.20331950207469,Problem Solver,0,0,1,0,0,0,3.1277276540893375,0.39975054139184507,5.135932707500697,10.223422881346533,0.0005416169610036567,0.8264856083694543,0.7054591188685557,40.825447119530565,0.9033808164707612,0.7054591188685557,4.677073166698754
6975c08f-3820-8323-a6d8-52f774717aa4,Two Finger Whistling,2,1,1,1.0,0.0066916166666666,1,17932.886173495695,31.0,31.0,31,6.0,6,7,Sunday,January,2026,7,0,other,0,18.67219917012448,10.477178423236516,13.319502074688796,12.572614107883815,20.95435684647303,98.7551867219917,19.00414937759336,9.75103734439834,Explorer,0,0,0,0,0,0,0.031935013831676365,0.002175857650557261,0.02873563218390805,1.0453803734545713e-05,4.075746518653938,0.015964240102171137,0.37023284711989446,0.0,0.49219322439282115,0.37023284711989446,0.2595985170635338
6976f713-c210-8324-bb3d-278c498c9455,Python AttributeError Fix,16,8,8,1.0,6.553446933333333,1,146.48779638652042,49.25,0.0,394,4.75,38,5,Monday,January,2026,5,1,troubleshoot,2,51.6597510373444,26.45228215767635,29.294605809128637,71.74273858921163,52.9045643153527,64.31535269709543,45.39419087136929,65.35269709543569,Problem Solver,0,0,1,0,0,0,0.7604831555631305,0.045044388910578596,0.8162546085447842,0.010237951669750136,0.033293420834291945,0.255095580094425,0.5985161327986322,40.23799090451993,0.7888345558736013,0.5985161327986322,0.5957006122600169
6976f8e5-0d2c-8322-bf4e-9bca6a59d4a8,Fixing AttributeError in Code,18,9,9,1.0,24.26189008333333,1,44.514256568242565,682.0,673.0,1497,63.0,567,5,Monday,January,2026,5,26,troubleshoot,19,58.50622406639004,45.64315352697096,55.684647302904565,94.77178423236516,91.28630705394193,35.684647302904565,55.10373443983402,69.29460580912863,Problem Solver,0,0,1,0,0,0,0.8809386381834793,1.0184814331942755,0.9287573194534808,0.0379025054474066,0.010117101312260018,0.6778235243452165,8.30287231630308,40.71606540431066,10.933417389752334,8.30287231630308,5.771313128981952
6976fefd-f620-8321-8129-adaae0fcd43f,Recovering Old Code,2,1,1,1.0,0.00454685,1,26391.89768740996,187.0,187.0,187,42.0,42,5,Monday,January,2026,5,3,other,0,18.39557399723375,35.26970954356847,42.946058091286304,42.32365145228216,70.53941908713693,99.5850622406639,18.506224066390043,9.75103734439834,Explorer,0,0,0,0,0,0,0.031932919703035016,0.10902287492504867,0.02873563218390805,7.103197908390795e-06,5.998291857733007,0.06286017578774505,2.235445746481838,0.053595355069227336,2.9704403262731836,2.235445746481838,1.5030721080019167
6976ff9c-1488-8322-9912-2f6f9e2ac002,Code Upload Instructions,10,5,5,1.0,10.133791466666668,1,59.20784949775165,111.2,55.0,403,11.8,59,5,Monday,January,2026,5,5,troubleshoot,2,48.7551867219917,38.17427385892116,42.03319502074689,85.8091286307054,76.34854771784232,43.15352697095436,48.13278008298755,51.55601659751038,Problem Solver,0,0,1,0,0,0,0.454483558493333,0.17771571918239276,0.47874647581869445,0.015831251602778883,0.01345662846085011,0.2218380537288301,1.3416519732086614,40.21511175530406,1.77460534190234,1.3416519732086614,1.017292803342796
6977024e-4e48-8323-9911-98a70d672747,Whisper Module Installation Error,2,1,1,1.0,0.0089454,1,13414.7159433899,369.0,369.0,369,38.0,38,5,Monday,January,2026,5,1,troubleshoot,2,19.08713692946058,26.45228215767635,45.22821576763487,71.74273858921163,52.9045643153527,97.5103734439834,19.75103734439834,9.75103734439834,Problem Solver,0,0,1,0,0,0,0.031937214403096596,0.045044388910578596,0.02873563218390805,1.3974718006910064e-05,3.048866829133782,0.031596218664029105,4.394845887083167,40.01786511835641,5.8506075615863145,4.394845887083167,2.9426756374961847
69770f41-469c-8322-b707-bb8c120e245f,Alternatives to Streamlit in Colab,2,1,1,1.0,0.0089754666666666,1,13369.778358785432,81.0,81.0,81,15.0,15,6,Monday,January,2026,6,2,other,0,19.225449515905947,33.29875518672199,32.448132780082986,39.95850622406639,66.59751037344398,97.0954356846473,20.0,9.75103734439834,Explorer,0,0,0,0,0,0,0.03193724375988808,0.06796755837382504,0.02873563218390805,1.4021688873285352e-05,3.0386535147661777,0.04722819722588708,0.9671369391914355,0.03573023671281822,1.2858894895043187,0.9671369391914355,0.6575363623871306
697725d3-021c-8320-9910-10c870e78119,Cluttered Audio Video Datasets,8,4,4,1.0,1.8777803833333333,1,255.620947082177,32.75,28.0,66,5.25,21,8,Monday,January,2026,8,1,create_content,1,39.07330567081605,26.45228215767635,19.12863070539419,31.74273858921162,52.9045643153527,75.51867219917013,35.18672199170125,43.98340248962656,Creator,0,0,0,0,1,0,0.34325733564694205,0.03887945890066636,0.36624376490999777,0.002933513463455051,0.058096960806288116,0.12738165927705591,0.3964499019421373,0.11220474099791855,0.5235228680715495,40.396449901942134,0.35516643593197744
69772c82-7670-8323-8478-4164251c0e7e,Gradio audio file error,2,1,1,1.0,0.00932445,1,12869.391760371924,0.0,0.0,0,0.0,0,8,Monday,January,2026,8,0,other,0,19.50207468879668,10.477178423236516,0.6224066390041494,12.572614107883815,20.95435684647303,96.2655601659751,20.49792531120332,9.75103734439834,Explorer,0,0,0,0,0,0,0.03193758450371119,0.0,0.02873563218390805,1.4566878990266789e-05,2.924926760648974,0.015964240102171137,0.0,0.0,0.0,0.0,0.012778675521232043
69830638-1c5c-8323-9814-0da14173ec2d,PDF Analysis Assistance,16,8,8,1.0,12.138210733333333,1,79.08908661172748,34.375,33.0,75,6.75,54,8,Wednesday,February,2026,8,0,build,2,53.87275242047027,60.47717842323652,26.30705394190872,12.572614107883815,20.95435684647303,51.037344398340245,49.37759336099585,65.35269709543569,Builder,1,0,0,0,0,0,0.765936062870252,0.019582718855015353,0.8162546085447842,0.018962603361144536,0.017975191851587618,40.23946360153257,0.4277104289520626,0.22012578616352202,0.55722542603274,0.4277104289520626,0.48619246887466766
698341ae-c330-8320-9673-c0e03744dcaa,Publication Paper Content,14,7,7,1.0,16.358348833333334,1,51.349925873223576,19.714285714285715,17.0,42,4.0,28,12,Wednesday,February,2026,13,0,create_content,1,54.49515905947442,10.477178423236516,13.029045643153529,12.572614107883815,20.95435684647303,40.66390041493776,52.61410788381743,61.51452282157676,Creator,0,0,0,0,1,0,0.6668914268344861,0.010154002369267218,0.7037518976360876,0.025555404118820804,0.011670697041519868,0.20753512132822477,0.24421789428985954,0.18867924528301888,0.3188545241403013,40.24421789428986,0.3416177286485633
6986c1f4-a618-8322-9c2d-e804980e6e80,Data Analytics Project Ideas,8,4,4,1.0,15.43381815,1,31.10053489907162,40.5,34.0,73,6.75,27,4,Saturday,February,2026,4,6,build,1,48.47856154910097,89.73029045643153,24.066390041493776,47.67634854771784,79.46058091286307,27.38589211618257,52.11618257261411,43.98340248962656,Builder,1,0,0,0,0,0,0.356493314828993,0.19737510216980333,0.36624376490999777,0.024111080154736553,0.007068460459561221,40.205541552086345,0.49064000696002885,0.20153033277996413,0.6476591029950335,0.49064000696002885,0.42854862262287924
6986c944-0e9c-8322-b51b-1ec7e9e74d87,DSA Concepts Explained Simply,2,1,1,1.0,0.0082348666666666,1,14572.184937218171,218.0,218.0,218,33.0,33,5,Saturday,February,2026,5,0,learn,2,18.81051175656985,10.477178423236516,82.0746887966805,12.572614107883815,20.95435684647303,98.3402489626556,19.253112033195023,9.75103734439834,Learner,0,1,0,0,0,0,0.03193652064548319,0.011967217078064937,0.02873563218390805,1.2864705825471103e-05,3.3119338098977518,0.015964240102171137,42.60023894947534,0.0,3.459007121248409,2.6002389494753393,1.746270457418209
6986cf21-b210-8321-9156-dd4226dc3931,Resume Bullet Points,2,1,1,1.0,0.0166582666666666,1,7203.6306298374375,418.0,418.0,418,64.0,64,5,Saturday,February,2026,5,1,research,2,20.193637621023512,26.45228215767635,48.38174273858922,31.74273858921162,52.9045643153527,94.1908713692946,21.74273858921162,9.75103734439834,Researcher,0,0,0,1,0,0,0.03194474516867803,0.05447310539632673,0.02873563218390805,2.6023942937216377e-05,1.6372251614813864,0.031596218664029105,4.986042103052706,0.01786511835640911,46.632583371888536,4.986042103052706,3.3368124727550104
69870497-a1c8-8322-9fc0-1e1d10e49672,Murder Mystery Challenge,50,25,25,1.0,80.61099136666667,1,37.215768583644106,33.0,8.0,195,5.96,149,9,Saturday,February,2026,10,4,build,5,69.29460580912864,86.82572614107883,29.211618257261414,44.190871369294605,73.65145228215768,30.29045643153527,62.82157676348548,89.21161825726142,Builder,1,0,0,0,0,0,2.586599519119209,0.17908962681703575,2.728800693992626,0.12593242030614935,0.008458317181982668,40.844775679253814,0.44583640001533736,0.826177454557712,0.5584260011390019,0.44583640001533736,0.9859886888350748
6987326d-d1d4-8324-afef-550972b9f8c1,Book Cover Design,2,2,0,,0.7742166666666667,1,154.99537166598498,49.0,49.0,98,11.0,22,12,Saturday,February,2026,12,0,other,0,25.03457814661134,10.477178423236516,25.684647302904565,12.572614107883815,20.95435684647303,65.97510373443983,30.456431535269708,17.531120331950206,Explorer,0,0,0,0,0,0,0.07199259368570017,0.007978144718709957,0.08376707872478856,0.0012094998091663374,0.035227003638085806,0.015964240102171137,0.589745644202501,0.03144654088050315,0.781008762457528,0.589745644202501,0.4065399047879874
698734c0-b4a0-83a8-95da-0a8f0cabe0cb,Poster Design Request,4,4,0,,23.59369998333333,1,10.172206994644196,33.5,15.5,95,6.0,24,12,Saturday,February,2026,12,1,build,1,43.291839557399726,76.45228215767635,20.37344398340249,31.74273858921162,52.9045643153527,17.842323651452283,54.85477178423236,33.92116182572614,Builder,1,0,0,0,0,0,0.2367466207140731,0.039967387725944985,0.2513012361743656,0.036858642878655166,0.0023119166008383,40.06352469886837,0.4064424353513515,0.11220474099791855,0.5361209600669826,0.4064424353513515,0.327705121252106
69873ae6-5f80-8320-897a-2aaf61e04a48,Branch · Poster Design Request,7,6,1,6.0,35.638448716666666,1,11.785024745018797,26.5,8.0,95,4.0,24,12,Saturday,February,2026,13,0,build,1,50.13831258644537,60.47717842323652,15.062240663900416,12.572614107883815,20.95435684647303,18.67219917012448,58.09128630705394,48.13278008298755,Builder,1,0,0,0,0,0,0.42290878527056747,0.008703430602229044,0.4475710258078508,0.05567523766619073,0.002678474235103994,40.09578544061303,0.3233327925679528,0.15723270440251574,0.42530810302245103,0.3233327925679528,0.3200211663688187
698ac077-04e8-8323-9a3a-d29bbb8f143c,Java Syntax Overview,5,2,3,0.6666666666666666,3.38382835,1,88.65697930570266,15.5,15.5,20,3.0,6,5,Tuesday,February,2026,5,3,other,0,36.23789764868603,35.26970954356847,4.605809128630705,42.32365145228216,70.53941908713693,54.77178423236515,38.67219917012448,27.4896265560166,Explorer,0,0,0,0,0,0,0.17032603294762202,0.0959677290217051,0.1699739752765127,0.005286297647398413,0.02014976124109053,0.11075289609425847,0.18620435238522584,0.0850418959497305,0.24682189807992966,0.18620435238522584,0.17786495207413075
6994131e-01dc-8320-8782-904a117dc679,Small Business Ideas,31,15,16,0.9375,23.583300233333333,1,78.8693686463365,42.46666666666667,37.0,174,8.666666666666666,130,7,Tuesday,February,2026,7,0,learn,4,62.10235131396957,10.477178423236516,72.69709543568464,12.572614107883815,20.95435684647303,50.62240663900415,54.6058091286307,80.70539419087137,Learner,0,1,0,0,0,0,1.5311953691267393,0.04714358242874066,1.6325092170895683,0.03684239614026535,0.017925254840675697,0.4789272030651341,40.55134208198136,0.44025157232704404,0.7036937210226526,0.5513420819813596,0.7691243485098131
69a16d15-5370-8321-947c-811fe092557f,Streamlit Web App in Colab,3,1,2,0.5,0.4355786166666666,1,413.24342635889263,63.0,63.0,63,15.0,15,10,Friday,February,2026,10,0,other,0,27.38589211618257,10.477178423236516,29.294605809128637,12.572614107883815,20.95435684647303,80.91286307053942,29.211618257261414,14.315352697095436,Explorer,0,0,0,0,0,0,0.0642822549970873,0.005439644126393153,0.0574712643678161,0.0006804713414443895,0.09392104762412387,0.031928480204342274,0.7534264291769817,0.0,1.0009421428183802,0.7534264291769817,0.5281673059521838
69a5b009-bf40-8320-9c11-cba7367841c2,Running Python in Colab,12,6,6,1.0,9.37472705,1,76.80223607150248,216.66666666666663,198.5,435,25.666666666666668,154,15,Monday,March,2026,15,16,build,5,50.06915629322268,93.98340248962656,49.33609958506224,52.78008298755186,87.96680497925311,48.96265560165975,47.385892116182575,56.95020746887967,Builder,1,0,0,0,0,0,0.5569075521266994,0.5560703270104248,0.591249186727391,0.014645423001263428,0.01745544154269537,40.42571829811361,2.628288337279025,0.4430745981050615,3.467153107684721,2.628288337279025,1.9000002492524215
69a5ce7f-a500-8321-ba62-616fcd1ce4b8,Whisper Module Error Fix,2,1,1,1.0,0.0671944333333333,1,1785.8622217217394,179.0,179.0,179,14.0,14,17,Monday,March,2026,17,0,build,2,22.68326417704011,60.47717842323652,36.59751037344399,12.572614107883815,20.95435684647303,86.30705394190872,26.224066390041493,9.75103734439834,Builder,1,0,0,0,0,0,0.03199408817446291,0.005077001184633609,0.02873563218390805,0.00010497275219302108,0.405886797170202,40.01596424010217,2.130309295217258,0.0,2.8370277261665886,2.130309295217258,1.433030075269339
69a5ceec-7258-8323-a75a-52ef689131a5,Whisper Module Installation,2,1,1,1.0,0.0182642666666666,1,6570.206304477962,179.0,179.0,179,14.0,14,17,Monday,March,2026,17,0,build,2,20.33195020746888,60.47717842323652,36.59751037344399,12.572614107883815,20.95435684647303,93.7759336099585,21.99170124481328,9.75103734439834,Builder,1,0,0,0,0,0,0.03194631325095489,0.005077001184633609,0.02873563218390805,2.8532874580194626e-05,1.4932618884232967,40.01596424010217,2.130309295217258,0.0,2.8370277261665886,2.130309295217258,1.4329918553305327
69a5d0e4-7c10-8324-afa9-ed17bccb995d,ModuleNotFoundError Fix,30,15,15,1.0,475.5797436,2,3.7848542210282647,599.0666666666667,189.0,2457,54.13333333333333,812,18,Monday,March,2026,1,55,build,24,86.7911479944675,97.30290456431536,55.60165975103735,56.76348547717841,94.6058091286307,10.78838174273859,89.95850622406638,80.18672199170123,Builder,1,0,0,0,0,0,1.9405916784912995,2.0139837105131266,4.460916442048518,9.314390630879082,0.0008602132565681461,41.32272178386515,7.407068450152758,1.4228330819295452,9.679780554397846,7.407068450152758,8.537039890673654
69a92b47-95b0-8324-b174-307ee4b212d6,Secondary Subject Area Suggestions,2,1,1,1.0,0.0125597,1,9554.36833682333,47.0,47.0,47,9.0,9,7,Thursday,March,2026,7,0,other,0,19.640387275242045,10.477178423236516,21.70124481327801,12.572614107883815,20.95435684647303,95.850622406639,20.74688796680498,9.75103734439834,Explorer,0,0,0,0,0,0,0.0319407433693315,0.003263786475835892,0.02873563218390805,1.9621063982760788e-05,2.171495603663569,0.015964240102171137,0.5612856737357987,0.0,0.7462050406638411,0.5612856737357987,0.38697165177092746
69ad3297-36ac-8321-acb7-a84427323898,Troubleshooting for Service Desk,18,9,9,1.0,68.97736743333333,1,15.657309639191736,23.22222222222222,8.0,67,4.0,36,8,Sunday,March,2026,9,0,learn,2,61.964038727524205,10.477178423236516,56.2240663900415,12.572614107883815,20.95435684647303,20.74688796680498,61.32780082987552,69.29460580912863,Learner,0,1,0,0,0,0,0.9245983813552927,0.013055145903343567,0.9287573194534808,0.10775809452230811,0.003558558540774077,0.2713920817369093,40.28876808783557,0.2515723270440252,0.37632068651186573,0.28876808783557106,0.4635047712077289
69ad45a7-0dc4-8322-8bfe-262516c4a230,Change Registered Owner Name,9,4,5,0.8,12.541497633333334,1,43.05705871719536,58.75,63.0,66,11.0,44,9,Sunday,March,2026,9,0,research,1,48.61687413554633,10.477178423236516,34.19087136929461,12.572614107883815,20.95435684647303,34.024896265560166,49.62655601659751,46.2655601659751,Researcher,0,0,0,1,0,0,0.3855977623177764,0.015956289437419915,0.3949793970939059,0.0195926278098423,0.009785912622891456,0.1277139208173691,0.7134836485123734,0.09433962264150944,40.94067400505822,0.7134836485123734,0.5876232162337323
69aee890-840c-8323-b595-4f127ad7ebf8,Self Introduction Project Explanation,2,1,1,1.0,1.1155368166666666,1,107.57152808149512,34.0,34.0,34,5.0,5,15,Monday,March,2026,15,0,build,1,26.14107883817427,60.47717842323652,15.518672199170124,12.572614107883815,20.95435684647303,58.50622406639005,32.448132780082986,9.75103734439834,Builder,1,0,0,0,0,0,0.033017679152911004,0.0018132147087977176,0.02873563218390805,0.0017427183177099734,0.024448617854522025,40.01596424010217,0.4054886225138772,0.0,0.5394426868793045,0.4054886225138772,0.2839684995831767
69aee8be-4310-8324-b710-2a352c5c1db4,What is an OS,34,17,17,1.0,5.734839699999999,1,355.7204920653668,27.0,24.0,51,4.823529411764706,82,15,Monday,March,2026,15,0,other,0,56.98478561549101,10.477178423236516,22.65560165975104,12.572614107883815,20.95435684647303,78.42323651452283,43.65145228215768,83.92116182572614,Explorer,0,0,0,0,0,0,1.6881701042625803,0.029736721224282565,1.8287790067230536,0.008959103854755818,0.0808473629466342,0.5268199233716475,0.3503024862459634,0.5031446540880504,0.4472455008450962,0.3503024862459634,0.6594704814553382
69aeea3b-edb4-8322-9c05-ddd20f892069,IT Support Concepts,4,2,2,1.0,0.4875552333333333,1,492.251920585818,340.0,340.0,487,61.5,123,15,Monday,March,2026,15,1,troubleshoot,2,29.322268326417703,26.45228215767635,50.45643153526972,71.74273858921163,52.9045643153527,82.57261410788381,29.70954356846473,24.5850622406639,Problem Solver,0,0,1,0,0,0,0.13556966074876223,0.0758690389601398,0.14123834309260463,0.000761670456170386,0.11187792261758785,0.06352469886837138,4.081359159887219,40.04931165923691,5.412075491958677,4.081359159887219,2.7596011180647757
69b16696-74a4-8321-b7ea-4c9787952a2a,Resume Improvement Tips,34,17,17,1.0,53.899935883333335,1,37.84791144122304,228.1176470588236,37.0,2674,32.0,544,12,Wednesday,March,2026,13,11,learn,9,66.11341632088521,42.427385892116185,91.6597510373444,50.91286307053942,84.85477178423237,31.12033195020747,60.08298755186722,83.92116182572614,Learner,0,1,0,0,0,0,1.7351980206314532,0.5411812886780671,1.8287790067230536,0.08420377004495229,0.008601989205891303,0.6987716875520852,42.90567435455266,0.6996609560085507,3.7427139658587483,2.905674354552657,2.4006740600882326
69b16ad9-6774-8321-a216-039e8155afc7,Change Canva Template Fast,2,1,1,1.0,0.0064471,1,18613.01980735525,129.0,129.0,129,28.0,28,13,Wednesday,March,2026,13,0,other,0,18.53388658367912,10.477178423236516,38.755186721991706,12.572614107883815,20.95435684647303,99.1701244813278,18.755186721991706,9.75103734439834,Explorer,0,0,0,0,0,0,0.03193477508805781,0.010154002369267218,0.02873563218390805,1.0071813944859913e-05,4.230325779549462,0.015964240102171137,1.5417459908061866,0.0,2.0488919861620705,1.5417459908061866,1.0406070885261671
69b170b0-9c7c-8323-ae91-7bc7b2516071,GitHub in Resume,2,1,1,1.0,0.0092409,1,12985.748141414795,62.0,62.0,62,7.0,7,13,Wednesday,March,2026,13,1,other,0,19.363762102351316,26.45228215767635,26.224066390041493,31.74273858921162,52.9045643153527,96.6804979253112,20.24896265560166,9.75103734439834,Explorer,0,0,0,0,0,0,0.03193750292632998,0.03380245771603275,0.02873563218390805,1.443635518032231e-05,2.9513719803626626,0.031596218664029105,0.7386524795309911,0.01786511835640911,0.9831776389797772,0.7386524795309911,0.5052135966133213
69b2c1de-426c-83a6-b761-50964dcf5038,Adobe Express Premium Ideas,8,4,4,1.0,10.146785033333334,1,47.30562423695248,53.75,50.0,115,11.0,44,13,Thursday,March,2026,13,0,other,0,46.40387275242048,10.477178423236516,31.86721991701245,12.572614107883815,20.95435684647303,37.344398340248965,48.38174273858921,43.98340248962656,Explorer,0,0,0,0,0,0,0.3513311087720663,0.015956289437419915,0.36624376490999777,0.01585155046365382,0.010751517152965143,0.11174968071519795,0.6541196179528029,0.09433962264150944,0.8615219643121241,0.6541196179528029,0.533405265105854
69b2c497-30a0-8321-be80-82b0aa94b1cd,Anonymous Page Ideas,25,14,11,1.2727272727272727,35.024741033333335,1,42.82686911439081,20.714285714285715,11.5,124,4.0,56,13,Thursday,March,2026,13,0,build,1,62.3789764868603,60.47717842323652,17.261410788381745,12.572614107883815,20.95435684647303,33.60995850622407,57.59336099585062,77.80082987551867,Builder,1,0,0,0,0,0,1.3114876197329572,0.020308004738534436,1.4050639774452396,0.054716488832906876,0.009733595641498487,40.383141762452105,0.2662447027710409,0.40880503144654085,0.34145426720236494,0.2662447027710409,0.5113681228921665
69b81c44-6800-8323-b2a9-f3c864b538d3,Google Scholar IEEE Scopus,26,13,13,1.0,129.75613968333334,1,12.022552488129977,43.69230769230769,33.0,164,7.076923076923077,92,15,Monday,March,2026,15,0,research,2,67.21991701244814,10.477178423236516,32.36514522821577,12.572614107883815,20.95435684647303,19.08713692946058,65.8091286307054,77.38589211618259,Researcher,0,0,0,1,0,0,1.3966027104402554,0.033363150641878,1.3787681630882673,0.20270814739864243,0.0027324590127188737,0.3991060025542784,0.5521134484547404,0.37735849056603776,40.7139091641784,0.5521134484547404,0.7887145080459043
69b91478-2618-8322-af95-7b1dc95cc7cb,Notice Period Explanation,14,7,7,1.0,4.8591806166666665,1,172.86865137691237,29.142857142857142,28.0,72,5.428571428571429,38,8,Tuesday,March,2026,8,0,other,0,48.40940525587828,10.477178423236516,19.66804979253112,12.572614107883815,20.95435684647303,68.87966804979253,41.6597510373444,61.51452282157676,Explorer,0,0,0,0,0,0,0.6556637544314955,0.013780431786862654,0.7037518976360876,0.007591128274035817,0.039289202932386025,0.20753512132822477,0.3597879241912165,0.18867924528301888,0.47053027773038025,0.3597879241912165,0.40968227732707546
69c211a7-bfe0-83a8-b42e-d20ee7500371,Find Accepted Paper ID,14,7,7,1.0,17.055584616666668,1,49.25073041349486,33.42857142857143,13.0,157,6.571428571428571,46,4,Tuesday,March,2026,4,1,research,1,54.77178423236515,26.45228215767635,24.81327800829876,31.74273858921162,52.9045643153527,38.58921161825727,53.11203319502075,61.51452282157676,Researcher,0,0,0,1,0,0,0.6675722008535636,0.047945532444654944,0.7037518976360876,0.026644642549344906,0.011193596562311524,0.22316709989008274,0.413572522490639,0.206544363639428,40.540308979773556,0.413572522490639,0.4550654333310117
69c68d2c-0dc0-83e8-8766-6f274220cf63,Tech Support Resume Tips,12,6,6,1.0,16.455803,1,43.75356219322752,683.3333333333334,222.5,3248,90.0,540,14,Friday,March,2026,14,34,troubleshoot,11,53.11203319502075,46.058091286307054,55.518672199170126,95.26970954356848,92.11618257261412,34.85477178423236,52.86307053941909,56.95020746887967,Problem Solver,0,0,1,0,0,0,0.5638214435951331,1.2588017307564956,0.591249186727391,0.025707649350757335,0.009944212385138543,0.7070939122270535,8.308911365024791,40.764646728520425,10.947997027666288,8.308911365024791,5.692613380924346
69ca811d-03b4-83e8-a63e-87c49e4542a8,Instruction clarification request,30,15,15,1.0,22.64125418333333,1,79.50089625887486,769.2666666666667,0.0,9843,60.66666666666666,910,13,Monday,March,2026,14,135,troubleshoot,4,61.61825726141078,48.54771784232365,56.59751037344398,98.25726141078836,97.0954356846473,51.45228215767634,54.35684647302904,80.18672199170123,Problem Solver,0,0,1,0,0,0,1.4983470846166729,4.550639288702837,1.6037735849056602,0.0353707092511074,0.018068787033058725,2.573280068813789,9.463359058692973,42.85204255044228,12.397808693589843,9.463359058692973,6.696961764124573
69cf2534-6e9c-83e8-b71c-cf1433242240,Co-author Details Formatting,24,12,12,1.0,45.84386345,1,31.41096521174635,30.25,31.0,62,4.333333333333333,52,2,Friday,April,2026,2,0,build,2,62.86307053941909,60.47717842323652,22.40663900414938,12.572614107883815,20.95435684647303,27.800829875518676,59.08713692946058,75.72614107883817,Builder,1,0,0,0,0,0,1.2115064698384215,0.018857432971496266,1.2662654521795704,0.07161838085060938,0.007139014371180795,40.367177522349934,0.3780098178568979,0.3459119496855346,0.49144146849486636,0.3780098178568979,0.5815577535431856
69cf3106-cc00-83e8-bc39-75ef121cb8a1,PPT Content Creation,8,4,4,1.0,9.65741745,1,49.702728755916006,19.0,12.5,48,3.75,15,3,Friday,April,2026,3,0,build,1,45.98893499308437,60.47717842323652,10.04149377593361,12.572614107883815,20.95435684647303,39.004149377593365,47.63485477178424,43.98340248962656,Builder,1,0,0,0,0,0,0.35085329517661457,0.005439644126393153,0.36624376490999777,0.015087048710931035,0.011296325741136244,40.1117496807152,0.2310229602527611,0.09433962264150944,0.3044041842527528,0.2310229602527611,0.250958575762798
69d0be95-2d9c-83e8-a7e9-47b88cc29b23,Life Path Analysis,16,8,8,1.0,17.169568466666664,1,55.91287875777209,58.875,3.0,417,10.0,80,7,Saturday,April,2026,7,2,research,1,56.08575380359613,33.29875518672199,37.095435684647306,39.95850622406639,66.59751037344398,41.90871369294606,53.36099585062241,65.35269709543569,Researcher,0,0,0,1,0,0,0.7708486300496975,0.09153934958819537,0.8162546085447842,0.02682271084825741,0.012707754833224756,0.270727558656283,0.7280228951797063,0.25585602287634024,40.951356236679096,0.7280228951797063,0.6903308334366532
69d659ab-1f58-83e8-b99d-4c07ca6cd662,Winget FFmpeg Installation Help,22,11,11,1.0,220.72651643333333,1,5.980251133074369,1385.909090909091,514.0,9768,122.0909090909091,1343,13,Wednesday,April,2026,13,191,learn,17,66.87413554633471,48.96265560165975,98.3402489626556,58.75518672199169,97.9253112033195,13.278008298755188,68.04979253112033,73.34024896265561,Learner,0,1,0,0,0,0,1.279095000000134,6.458445281412812,1.153762741270874,0.34482424752425084,0.0013591781880781801,3.3209569474604663,56.94165939588584,3.7267030148791718,22.264192880659078,16.941659395885843,11.73505095473583
69d672d4-53cc-83e8-8322-f7b5a4c4755e,WAV Clarification Request,6,3,3,1.0,584.1911944,2,0.6162366078963959,10.333333333333334,3.0,25,2.333333333333333,7,15,Wednesday,April,2026,15,1,other,0,71.92254495159058,26.45228215767635,3.983402489626556,31.74273858921162,52.9045643153527,6.224066390041494,90.4564315352697,34.75103734439834,Explorer,0,0,0,0,0,0,0.808657170556178,0.03380245771603275,3.1108839111441586,9.484066039161705,0.00014005688682800863,0.09545317907271365,0.12522416374876255,0.08075820011741541,0.16527321793680555,0.12522416374876255,3.4608013272506173
69d67955-2d04-83e8-8f3e-5ec1782db5ac,Project Final Review Prep,2,1,1,1.0,0.0413334,1,2903.2211238368973,49.0,49.0,49,8.0,8,15,Wednesday,April,2026,15,1,learn,1,21.99170124481328,26.45228215767635,62.11618257261411,31.74273858921162,52.9045643153527,88.79668049792531,24.979253112033195,9.75103734439834,Learner,0,1,0,0,0,0,0.031968837721143284,0.03416510065779229,0.02873563218390805,6.457202688161697e-05,0.6598376454231525,0.031596218664029105,40.58466864301787,0.01786511835640911,0.7776240950011056,0.5846686430178674,0.40258277344042265
69d702eb-1f50-8322-b508-009ce4327769,ML Classifier Explanation,2,1,1,1.0,0.0187879,1,6387.089562963397,185.0,185.0,185,28.0,28,1,Thursday,April,2026,1,5,learn,1,20.60857538035961,38.17427385892116,80.08298755186722,45.8091286307054,76.34854771784232,92.9460580912863,22.4896265560166,9.75103734439834,Learner,0,1,0,0,0,0,0.031946824521284646,0.16647378798784693,0.02873563218390805,2.9350907107790102e-05,1.4516435223379587,0.09412413291146099,42.20662313307338,0.08932559178204556,2.935394842518324,2.2066231330733763,1.4838681562508753
69d72e2c-9370-8324-91f8-669c59d2241f,Intellectual Disability Overview,9,4,5,0.8,147.59905783333335,1,3.65855993884297,8.25,5.0,23,1.25,5,4,Thursday,April,2026,4,1,other,0,58.02213001383126,26.45228215767635,2.821576763485477,31.74273858921162,52.9045643153527,10.37344398340249,66.55601659751036,46.2655601659751,Explorer,0,0,0,0,0,0,0.517466608211775,0.03307717183251366,0.3949793970939059,0.23058278124024004,0.0008315093727670327,0.14334589937922707,0.09976386513208907,0.11220474099791855,0.1318096770369203,0.09976386513208907,0.283971770695408
69d7e042-87c0-83e8-9dd5-de2f4d363bc5,Video Clarity Improvement,13,6,7,0.8571428571428571,5.53110815,1,141.02056565283397,16.666666666666668,18.0,42,3.6666666666666665,22,17,Thursday,April,2026,17,0,create_content,1,48.61687413554633,10.477178423236516,10.24896265560166,12.572614107883815,20.95435684647303,63.90041493775933,43.40248962655602,58.09128630705394,Creator,0,0,0,0,1,0,0.5850831614243794,0.007978144718709957,0.6199848189112991,0.008640829550603886,0.03205084078254132,0.19157088122605362,0.205858246583945,0.15723270440251574,0.2691588989661201,40.205858246583944,0.2948159508121082
69d89589-9380-83e8-93c4-d49f74901546,Graduation with Paws,4,2,2,1.0,0.8058865,1,297.8086864589493,64.0,64.0,117,14.0,28,6,Friday,April,2026,6,0,create_content,1,29.875518672199167,10.477178423236516,32.946058091286304,12.572614107883815,20.95435684647303,77.59336099585063,30.70539419087137,24.5850622406639,Creator,0,0,0,0,1,0,0.13588047620170796,0.010154002369267218,0.14123834309260463,0.0012589751808835521,0.06768529646130897,0.047892720306513405,0.7700135935317697,0.03144654088050315,1.0199154564628483,40.77001359353177,0.5522860595234991
69d9cb50-ae54-83e8-833c-eeb705f61651,Worth Buying Verdict,14,7,7,1.0,10.75897605,1,78.07434425881077,54.285714285714285,61.0,108,10.857142857142858,76,4,Saturday,April,2026,4,0,other,0,52.28215767634854,10.477178423236516,34.60580912863071,12.572614107883815,20.95435684647303,49.79253112033195,48.63070539419087,61.51452282157676,Explorer,0,0,0,0,0,0,0.6614242554627021,0.027560863573725308,0.7037518976360876,0.01680792992396641,0.017744563464599714,0.20753512132822477,0.6720846239347765,0.18867924528301888,0.8777389228638852,0.6720846239347765,0.6224884779810808
69d9d13a-5150-83e8-8e72-446d6f916ebb,Tablet options under ₹2000,5,2,3,0.6666666666666666,1.1477061,1,261.3909606300777,21.5,21.5,22,5.5,11,4,Saturday,April,2026,4,0,other,0,32.91839557399724,10.477178423236516,9.709543568464731,12.572614107883815,20.95435684647303,76.34854771784232,32.697095435684645,27.4896265560166,Explorer,0,0,0,0,0,0,0.16814270563185588,0.003989072359354979,0.1699739752765127,0.0017929739421725715,0.05940835666320266,0.06385696040868455,0.2592544037655082,0.03144654088050315,0.3430131567811076,0.2592544037655082,0.2248183244750394
69da618c-bf04-83e8-9333-eb8786362bdb,Instagram Login Check,4,2,2,1.0,0.6678534333333332,1,359.36028478903285,12.5,12.5,25,2.5,5,14,Saturday,April,2026,14,0,other,0,29.46058091286307,10.477178423236516,3.485477178423237,12.572614107883815,20.95435684647303,78.83817427385893,29.95850622406639,24.5850622406639,Explorer,0,0,0,0,0,0,0.13574570210117196,0.0018132147087977176,0.14123834309260463,0.0010433366200259398,0.08167460694844074,0.047892720306513405,0.150223291107724,0.03144654088050315,0.19908891167110024,0.150223291107724,0.13898470529370638
69db064e-cac0-83e8-ac8a-bf41efd9da33,4x6 Photo Poster Printing,11,5,6,0.8333333333333334,4.034162833333333,1,163.60271691231105,43.0,29.0,111,8.4,42,2,Sunday,April,2026,2,0,create_content,3,45.50484094052558,10.477178423236516,28.423236514522827,12.572614107883815,20.95435684647303,67.21991701244814,40.66390041493776,52.9045643153527,Creator,0,0,0,0,1,0,0.48045642253617693,0.01523100355390083,0.5074821080026025,0.006302265744381543,0.037183261938236914,0.15964240102171137,0.5257616663662072,0.1257861635220126,0.6908615527856758,40.52576166636621,0.4813728312670314
69dc7801-20e0-83e8-8bd9-a29beef51e21,Best tablet under ₹5000,52,26,26,1.0,45.08249953333333,1,69.20645554918973,17.846153846153847,8.0,105,3.6538461538461537,95,4,Monday,April,2026,5,1,research,1,67.3582295988935,26.45228215767635,19.170124481327804,31.74273858921162,52.9045643153527,45.22821576763486,58.83817427385892,90.04149377593362,Researcher,0,0,0,1,0,0,2.655074992884148,0.06571503659087258,2.8413034049013226,0.07042895991515057,0.015729089425096397,0.8298082237725859,0.2463350039259314,0.8040286403689878,40.305479285589804,0.2463350039259314,0.8507788120767787
69dddef8-7228-83e8-9166-a726602a72b9,Echo Show 5 Review,10,5,5,1.0,11.547481883333337,1,51.95938006761367,23.2,26.0,60,2.8,14,6,Tuesday,April,2026,6,1,learn,1,49.17012448132781,26.45228215767635,51.53526970954357,31.74273858921162,52.9045643153527,41.078838174273855,48.879668049792535,51.55601659751038,Learner,0,1,0,0,0,0,0.4558638716236841,0.036340958308349554,0.47874647581869445,0.018039752611340592,0.011809212436478195,0.1593101394813982,40.28052610298104,0.14365128187842172,0.37065013651829865,0.28052610298104075,0.310979807028663
69de04fa-4cbc-83e8-ba17-ba2e1e84b9cb,4x6 Poster Placement Tips,5,2,3,0.6666666666666666,1.2350391333333337,1,242.90728277597893,38.0,38.0,38,7.5,15,9,Tuesday,April,2026,9,0,create_content,3,33.056708160442604,10.477178423236516,20.8298755186722,12.572614107883815,20.95435684647303,74.68879668049793,32.946058091286304,27.4896265560166,Creator,0,0,0,0,1,0,0.1682279767288388,0.005439644126393153,0.1699739752765127,0.0019294076973452206,0.05520742743536276,0.06385696040868455,0.45660627637912904,0.03144654088050315,0.6051819390879101,40.45660627637913,0.35645445642837303
69de299a-59dc-83e8-abec-b911bb9c5000,Study Photography Basics,11,5,6,0.8333333333333334,5.3147559,1,124.18256123484431,36.6,43.0,57,6.6,33,11,Tuesday,April,2026,11,0,learn,1,46.47302904564315,10.477178423236516,63.81742738589212,12.572614107883815,20.95435684647303,61.41078838174274,42.406639004149376,52.9045643153527,Learner,0,1,0,0,0,0,0.48170678075019413,0.011967217078064937,0.5074821080026025,0.00830283888680903,0.028223936556208223,0.15964240102171137,40.44651192077412,0.1257861635220126,0.5873710829801183,0.4465119207741211,0.42953995411018775
69de2c0f-45cc-83e8-b938-f47872e3111a,Weight Loss Plan,18,9,9,1.0,11.703229066666667,1,92.28222346566506,56.0,63.0,89,10.0,90,11,Tuesday,April,2026,12,3,build,3,55.18672199170124,85.26970954356847,36.2655601659751,42.32365145228216,70.53941908713693,55.60165975103735,49.128630705394194,69.29460580912863,Builder,1,0,0,0,0,0,0.8686764876471498,0.12642973612950675,0.9287573194534808,0.018283064589279398,0.020973698677668653,40.31828801742248,0.6975150070255487,0.30516768211325257,0.9082614328618258,0.6975150070255487,0.6912652023678664
69df52d5-823c-83e8-9323-5b4db6182e2d,Job Posting Assistance,8,3,5,0.6,18.8647782,1,25.44424296491331,62.333333333333336,44.0,143,13.0,39,8,Wednesday,April,2026,8,1,learn,1,49.446749654218536,26.45228215767635,74.02489626556016,31.74273858921162,52.9045643153527,24.481327800829877,53.85892116182573,39.62655601659751,Learner,0,1,0,0,0,0,0.3205350936766982,0.045407031852338145,0.31121231836911734,0.029471008072071054,0.005782910998303353,0.12738165927705591,40.7542146557046,0.08075820011741541,0.9961908244537204,0.7542146557046013,0.6069450190779282
69e0f51f-bda8-83e8-9005-0743ac3b6d6a,Shy Romantic Song Captions,14,7,7,1.0,55.02318043333333,1,15.26629310382654,71.57142857142857,40.0,150,14.285714285714286,100,14,Thursday,April,2026,14,0,create_content,2,58.78284923928078,10.477178423236516,41.07883817427386,12.572614107883815,20.95435684647303,20.33195020746888,60.33195020746888,61.51452282157676,Creator,0,0,0,0,1,0,0.7046433802403332,0.03626429417595435,0.7037518976360876,0.08595852956817635,0.0034696891715419098,0.20753512132822477,0.8860179887572351,0.18867924528301888,1.1571811222256772,40.88601798875724,0.7996860210181581
69e225b2-0fc8-83e8-9b04-629c8b58780a,Find Jio Number,4,2,2,1.0,0.6911287500000001,1,347.2580181333796,32.0,32.0,49,7.0,14,12,Friday,April,2026,12,0,other,0,29.598893499308435,10.477178423236516,16.929460580912863,12.572614107883815,20.95435684647303,78.00829875518673,30.20746887966805,24.5850622406639,Explorer,0,0,0,0,0,0,0.13576842788669707,0.005077001184633609,0.14123834309260463,0.0010796978768661263,0.07892403067686976,0.047892720306513405,0.38500679676588484,0.03144654088050315,0.5099577282314242,0.38500679676588484,0.29552522302756706
69e22cde-2304-83e8-ab5a-256f4f580697,Jio SIM in Tablet,6,3,3,1.0,1.6549921166666666,1,217.52369475032847,49.66666666666666,63.0,70,10.666666666666666,32,12,Friday,April,2026,12,0,other,0,35.26970954356847,10.477178423236516,28.29875518672199,12.572614107883815,20.95435684647303,72.61410788381743,34.19087136929461,34.75103734439834,Explorer,0,0,0,0,0,0,0.23987467091069672,0.011604574136305394,0.25374105400130126,0.002585468300363971,0.04943830195686631,0.07982120051085569,0.6012872776947058,0.0628930817610063,0.7939799875020708,0.6012872776947058,0.46600787968867036
69e2309f-14a8-83e8-a22c-689ae5498c2b,Jio SIM Activation Issues,4,2,2,1.0,3.5920463,1,66.81428354640084,24.0,24.0,28,5.0,10,13,Friday,April,2026,13,0,other,0,35.131396957123094,10.477178423236516,10.70539419087137,12.572614107883815,20.95435684647303,44.81327800829876,40.16597510373444,24.5850622406639,Explorer,0,0,0,0,0,0,0.13860085465929434,0.0036264294175954353,0.14123834309260463,0.0056115807130217394,0.015185401888240324,0.047892720306513405,0.2885737761035339,0.03144654088050315,0.38234741519298165,0.2885737761035339,0.23350248400407755
69e23552-4fdc-83e8-8eb1-6e2889c4c55f,Redmi Pad 2 Details,2,1,1,1.0,0.02153965,1,5571.121164921435,30.0,30.0,30,6.0,6,13,Friday,April,2026,13,1,other,0,21.16182572614108,26.45228215767635,12.406639004149378,31.74273858921162,52.9045643153527,91.28630705394193,23.48547717842324,9.75103734439834,Explorer,0,0,0,0,0,0,0.03194951130235896,0.033439814774273206,0.02873563218390805,3.364975682669756e-05,1.266192038094088,0.031596218664029105,0.3583600410079804,0.01786511835640911,0.4763628162436024,0.3583600410079804,0.25169491096547053
69e3063e-4ba0-83e8-b835-3f010c8e35ea,Central Government Jobs Guide,12,6,6,1.0,5783.112992416666,2,0.1245004206115509,10.5,6.5,23,2.1666666666666665,13,4,Tuesday,April,2026,4,2,other,0,82.01936376210234,33.29875518672199,6.058091286307054,39.95850622406639,66.59751037344398,2.904564315352697,95.18672199170123,56.95020746887967,Explorer,0,0,0,0,0,0,6.19432763005818,0.06724227249030595,3.448392043870248,17.605946119120205,2.8296178928991928e-05,0.20687059824759843,0.12937882241797216,0.19296294111533396,0.16936219106204684,0.12937882241797216,7.601139492166428
69e309da-f7cc-83e8-bd9f-928e64524f14,Stenographer Role and Exams,27,13,14,0.9285714285714286,761.2904268666666,2,2.1279658101936554,31.46153846153846,36.0,59,5.769230769230769,75,16,Friday,April,2026,4,0,planning,1,87.2060857538036,10.477178423236516,25.22821576763485,12.572614107883815,20.95435684647303,8.71369294605809,91.45228215767636,77.9045643153527,Planner,0,0,0,0,0,1,2.0451549284792696,0.02719822063196577,4.264646652415032,9.760734699362688,0.00048363934052790243,0.41507024265644954,0.40073496676834025,0.37735849056603776,0.5161811419364766,0.40073496676834025,4.051008759747303
69e313ba-0ee4-83e8-a3ad-471b333d52d5,SSC Phase-XIV Exam Details,4,2,2,1.0,1.7555063166666665,1,136.7126952044861,6.0,6.0,12,1.5,3,5,Saturday,April,2026,5,0,other,0,32.088520055325034,10.477178423236516,2.074688796680498,12.572614107883815,20.95435684647303,62.65560165975104,34.68879668049793,24.5850622406639,Explorer,0,0,0,0,0,0,0.1368076754571696,0.0010879288252786305,0.14123834309260463,0.002742493989622155,0.031071757560086257,0.047892720306513405,0.07232476549676324,0.03144654088050315,0.09570773477883192,0.07232476549676324,0.0879019335711973
69e480e6-ca10-83e8-96e4-3d7e83f44ab8,Chocolate Milkshake Recipe,19,9,10,0.9,4910.4168458,2,0.2321595163504438,31.33333333333333,31.0,60,5.0,45,21,Wednesday,April,2026,7,0,build,1,86.3070539419087,60.47717842323652,22.9045643153527,12.572614107883815,20.95435684647303,4.149377593360995,94.68879668049792,69.91701244813277,Builder,1,0,0,0,0,0,5.683659763504764,0.01631893237917946,3.8146358087802463,16.24259930906309,5.276469896609252e-05,40.28735632183908,0.38833352388582126,0.2515723270440252,0.5068987435949754,0.38833352388582126,7.18150229935526
69e87366-bf48-83e8-8167-18fcb8487c08,Nighttime Flash Photography,1,1,0,,0.0,1,0.0,479.0,479.0,479,68.0,68,7,Wednesday,April,2026,7,1,other,0,15.07607192254495,26.45228215767635,49.54356846473029,31.74273858921162,52.9045643153527,0.4149377593360996,18.008298755186722,5.186721991701245,Explorer,0,0,0,0,0,0,0.0,0.05592367716336491,0.0,0.0,0.0,0.01563197856185797,5.711733847646505,0.01786511835640911,7.599205316835575,5.711733847646505,3.8078225650976703
69e873e3-68d8-83e8-a308-373c022495b6,Email Response to Complaint,6,3,3,1.0,6.054428633333333,1,59.46060673966488,5.0,2.0,13,1.3333333333333333,4,7,Wednesday,April,2026,7,0,build,1,40.94052558782849,60.47717842323652,2.116182572614108,12.572614107883815,20.95435684647303,43.56846473029046,44.398340248962654,34.75103734439834,Builder,1,0,0,0,0,0,0.24417023655824457,0.0014505717670381742,0.25374105400130126,0.009458373336440541,0.013514074565109389,40.07982120051086,0.06081460232660869,0.0628930817610063,0.08011908859078615,0.06081460232660869,0.10912921529464395
69e876f9-600c-83e8-be66-0ad9c635624f,Poster Display Ideas,10,5,5,1.0,14365.442049833331,2,0.0417669012842498,56.4,36.0,148,11.8,59,7,Wednesday,April,2026,7,1,create_content,2,80.9820193637621,26.45228215767635,34.56431535269709,31.74273858921162,52.9045643153527,1.2448132780082988,96.43153526970954,51.55601659751038,Creator,0,0,0,0,1,0,14.470862424512553,0.052659890687529014,3.3358893329615515,31.013466008662107,9.492688508548106e-06,0.1593101394813982,0.6910221982757685,0.14365128187842172,0.9070989753251493,40.69102219827577,14.653785570012435
69e9917d-01bc-83e8-b823-b7a978223e11,Voting Caption Ideas,7,3,4,0.75,1.633069916666667,1,257.1843346776488,30.666666666666668,41.0,47,6.666666666666667,20,3,Thursday,April,2026,3,0,other,0,36.583679114799445,10.477178423236516,17.053941908713693,12.572614107883815,20.95435684647303,75.93360995850622,33.69294605809129,37.13692946058092,Explorer,0,0,0,0,0,0,0.27178174649904285,0.0072528588351908705,0.28247668618520927,0.0025512209147701376,0.05845228406479229,0.09578544061302681,0.3713522462672234,0.0628930817610063,0.49030108913283726,0.3713522462672234,0.3254721271259554
69eb0f0b-1234-83e8-b794-26acff131e68,Caption suggestions for post,4,2,2,1.0,5.496557883333334,1,43.66369009370904,16.0,16.0,28,3.0,6,6,Friday,April,2026,6,0,create_content,1,36.65283540802213,10.477178423236516,5.435684647302905,12.572614107883815,20.95435684647303,34.439834024896264,42.9045643153527,24.5850622406639,Creator,0,0,0,0,1,0,0.14046040064927082,0.002175857650557261,0.14123834309260463,0.008586854296984126,0.00992378645407576,0.047892720306513405,0.19214075544118286,0.03144654088050315,0.25473710215453904,40.19214075544118,0.1707014403544914
69eeebb4-e284-83e8-b873-35f00a029a3b,Resume Project Entry,10,5,5,1.0,3.57665595,1,167.75446349543347,208.4,36.0,899,27.4,137,4,Monday,April,2026,4,10,build,6,43.91424619640387,92.11618257261412,48.54771784232366,50.53941908713693,84.23236514522821,68.46473029045643,39.41908713692946,51.55601659751038,Builder,1,0,0,0,0,0,0.44808123720400334,0.3623216542582169,0.47874647581869445,0.0055875375398514344,0.03812686167554546,40.29999794653812,2.5239748767439565,0.3044373470861037,3.3321784469779043,2.5239748767439565,1.8003862153348626
69f03d1a-c9ac-83e8-955d-e61f258ef5df,AI&DS Application Follow-up,6,3,3,1.0,1.7006841833333333,1,211.6795131794556,124.66666666666669,136.0,218,23.666666666666668,71,4,Tuesday,April,2026,4,4,learn,1,35.408022130013826,36.82572614107884,83.56846473029046,44.190871369294605,73.65145228215768,72.19917012448133,34.43983402489627,34.75103734439834,Learner,0,1,0,0,0,0,0.23991928418587305,0.15080347735979135,0.25374105400130126,0.0026568495406460828,0.04811004935650849,0.14234911475828757,41.50589081081689,0.13435355518664274,1.9906893151792295,1.5058908108168858,1.069112592390265
69f041a0-c874-83e8-bf31-1d7dd7bcb59a,SSC CGL Prep Guide,27,13,14,0.9285714285714286,24483.46051576667,2,0.0661671171424793,38.07692307692308,31.0,130,7.230769230769231,94,5,Tuesday,April,2026,5,1,other,0,90.24896265560166,26.45228215767635,30.37344398340249,31.74273858921162,52.9045643153527,2.0746887966804977,96.92946058091286,77.9045643153527,Explorer,0,0,0,0,0,0,25.207243648962297,0.06535239364911304,4.264646652415032,46.82007665213553,1.5038315346104602e-05,0.43070222121830753,0.48616836155597265,0.3952236089224469,0.6254988577243655,0.48616836155597265,22.637635332658814
69f1fae5-f140-83e8-9e07-b495a2a1ba39,Image Generation Prompt,4,2,2,1.0,0.8777548500000001,1,273.424863445642,442.5,442.5,870,71.5,143,12,Wednesday,April,2026,12,7,build,1,30.1521438450899,91.2863070539419,51.867219917012456,49.543568464730285,82.57261410788381,77.17842323651453,31.20331950207469,24.5850622406639,Builder,1,0,0,0,0,0,0.13595064773713902,0.27070564053762636,0.14123834309260463,0.0013712496375732379,0.06214339535311786,40.157316570239516,5.305574645193605,0.15650236937536693,7.039527566477065,5.305574645193605,3.5760495645264014
69f1fb4c-d1c0-83e8-b092-0ce59c436844,AI Image Prompt Creation,6,3,3,1.0,2.1836004,1,164.8653297553893,1174.3333333333333,870.0,2639,187.66666666666663,563,12,Wednesday,April,2026,12,20,build,3,36.3762102351314,94.50207468879668,56.92946058091287,53.40248962655601,89.00414937759335,67.63485477178423,36.18257261410788,34.75103734439834,Builder,1,0,0,0,0,0,0.24039079873167876,0.8294471186849418,0.25374105400130126,0.003411272813935209,0.03747022577940542,40.39246077174801,14.146799953635083,0.4201954488891886,18.726287954039698,14.146799953635083,9.496762565905708
69f5668c-3248-83e8-b50c-81dd3d48c7f5,Skin Glow Routine,24,12,12,1.0,13.412351766666664,1,107.36372151965108,37.5,38.5,77,8.166666666666666,98,2,Saturday,May,2026,2,2,planning,2,58.16044260027663,33.29875518672199,30.33195020746888,39.95850622406639,66.59751037344398,58.09128630705395,50.62240663900416,75.72614107883817,Planner,0,0,0,0,0,1,1.1798406674209503,0.09806692253986715,1.2662654521795704,0.020953096982655735,0.024401388040938474,0.39844147947365205,0.48076923748921413,0.38164218639835285,0.6173329777906621,0.48076923748921413,0.6247313913640862
69f569e3-29ec-83e8-8c4a-fbcf0f352d26,Personalized Daily Plan,23,13,10,1.3,136.13559998333332,1,10.136951687647828,53.92307692307692,24.0,291,9.076923076923077,118,3,Saturday,May,2026,5,3,build,2,66.25172890733057,85.26970954356847,36.05809128630706,42.32365145228216,70.53941908713693,17.42738589211618,66.05809128630705,75.72614107883818,Builder,1,0,0,0,0,0,1.3070461108187423,0.13658373849877398,1.2925612665365431,0.21267429298506424,0.0023039038530092925,40.39810921793334,0.6830101043931482,0.4309538456352651,0.882152227772447,0.6830101043931482,0.8426478418861764
69f58a63-711c-83e8-a40b-9abefb997ec8,Sock size guide,8,4,4,1.0,8558.463426133334,2,0.0560848339357642,15.5,15.5,31,3.0,12,6,Sunday,April,2026,5,0,other,0,78.21576763485477,10.477178423236516,6.763485477178424,12.572614107883815,20.95435684647303,1.6597510373443984,95.93360995850622,43.98340248962656,Explorer,0,0,0,0,0,0,8.697821657905498,0.004351715301114522,3.223386622052855,21.941665000505715,1.2746836423956187e-05,0.11174968071519795,0.18838021003578312,0.09433962264150944,0.24827246984696785,0.18838021003578312,9.75724762294411
69f72315-0fa8-83e8-ad93-bf2d4044d57b,Track Steps and Cycling,4,2,2,1.0,2.318979783333333,1,103.49378710625098,49.0,49.0,54,9.0,18,10,Sunday,May,2026,10,0,other,0,33.19502074688796,10.477178423236516,24.77178423236515,12.572614107883815,20.95435684647303,56.84647302904564,36.6804979253112,24.5850622406639,Explorer,0,0,0,0,0,0,0.13735784529313574,0.006527572951671784,0.14123834309260463,0.0036227657271680116,0.02352183794731515,0.047892720306513405,0.5882950724354629,0.03144654088050315,0.780041714612836,0.5882950724354629,0.43232227406576995
69f826d5-7434-83e8-9ddd-f9a45b5aa4f4,Using Fresh Mehndi Leaves,2,1,1,1.0,0.0361403166666666,1,3320.3914926035977,55.0,55.0,55,11.0,11,4,Monday,May,2026,4,1,other,0,21.715076071922542,26.45228215767635,25.14522821576764,31.74273858921162,52.9045643153527,89.62655601659752,24.48132780082988,9.75103734439834,Explorer,0,0,0,0,0,0,0.031963767246711614,0.03525302948307092,0.02873563218390805,5.6459267790942574e-05,0.7546511997911843,0.031596218664029105,0.6569934085146306,0.01786511835640911,0.8733318297799376,0.6569934085146306,0.4507952273920528
69f987c6-faec-83e8-9880-8c62fe949f17,Phone Comparison Advice,2,1,1,1.0,0.1458664,1,822.6706081729582,32.0,32.0,32,7.0,7,6,Tuesday,May,2026,6,0,research,1,23.236514522821576,10.477178423236516,14.605809128630709,12.572614107883815,20.95435684647303,84.23236514522821,27.21991701244813,9.75103734439834,Researcher,0,0,0,1,0,0,0.032070902692903656,0.0025385005923168045,0.02873563218390805,0.00022787598169820758,0.1869747476686429,0.015964240102171137,0.38246829617356803,0.0,40.50826539450321,0.38246829617356803,0.26786419418829804
69f9e809-1764-83e8-a688-157a1bdcff20,Photography Beginner Tips,14,7,7,1.0,17.682354966666665,1,47.50498457832679,21.142857142857142,16.0,62,4.0,28,12,Tuesday,May,2026,12,1,learn,2,55.04840940525588,26.45228215767635,53.85892116182573,31.74273858921162,52.9045643153527,37.75933609958506,53.60995850622407,61.51452282157676,Learner,0,1,0,0,0,0,0.6681841731309591,0.04141795949298316,0.7037518976360876,0.027623798193177746,0.010796827328329716,0.22316709989008274,40.26117904587831,0.206544363639428,0.3414693929248996,0.26117904587830826,0.35395936007804085
69f9ecd0-e510-83e8-b564-3f7f5e11b345,Faceless Content Ideas,48,24,24,1.0,8380.618815016667,4,0.3436500410732823,79.33333333333333,37.0,476,15.0,360,13,Tuesday,May,2026,6,2,create_content,4,94.53665283540802,33.29875518672199,44.31535269709544,39.95850622406639,66.59751037344398,4.979253112033195,98.09128630705392,87.96680497925311,Creator,0,0,0,0,1,0,10.587478695235385,0.19307937328086755,11.187726554512501,38.80668903479264,7.810401766837765e-05,0.7815832419257593,1.0724607439119547,0.7590006769643907,1.3429133525269823,41.072460743911954,16.432859488798307
69fb3b21-c6d0-83e8-8d44-79363b252ef9,Caption Suggestions,2,1,1,1.0,0.0188495166666666,1,6366.210981537103,16.0,16.0,16,3.0,3,12,Wednesday,May,2026,12,0,create_content,1,20.885200553250343,10.477178423236516,4.564315352697095,12.572614107883815,20.95435684647303,92.11618257261412,22.98755186721992,9.75103734439834,Creator,0,0,0,0,1,0,0.03194688468317939,0.0010879288252786305,0.02873563218390805,2.9447166139380808e-05,1.4468982847482381,0.015964240102171137,0.19105282661590425,0.0,0.25401181627102,40.1910528266159,0.14015466674207613
69fec9e5-7e10-83e9-86a1-b07cc814cb65,Hotspot Data Consumption Issues,2,1,1,1.0,0.0198058166666666,1,6058.826152923089,85.0,85.0,85,18.0,18,5,Saturday,May,2026,5,0,other,0,21.023513139695712,10.477178423236516,32.9045643153527,12.572614107883815,20.95435684647303,91.701244813278,23.236514522821576,9.75103734439834,Explorer,0,0,0,0,0,0,0.03194781840489879,0.006527572951671784,0.02873563218390805,3.094112089042695e-05,1.377036543978242,0.015964240102171137,1.0157160924643707,0.0,1.3499364079847131,1.0157160924643707,0.6899309242850961
69ffec63-2b88-83ec-b178-c6e8d4437548,Short Hair Captions,2,1,1,1.0,0.0134773,1,8903.860565543544,31.0,31.0,31,7.0,7,2,Sunday,May,2026,2,1,create_content,1,19.77869986168741,26.45228215767635,13.858921161825728,31.74273858921162,52.9045643153527,95.4356846473029,20.99585062240664,9.75103734439834,Creator,0,0,0,0,1,0,0.03194163930475943,0.03380245771603275,0.02873563218390805,2.1054560667441255e-05,2.0236496429799242,0.031596218664029105,0.370595490061654,0.01786511835640911,0.4924349863539942,40.37059549006165,0.2598455794031733
6a015e84-5f6c-83e9-8c42-51c8c54dd5a8,Commerce with Business Maths Degrees,30,15,15,1.0,30.800733316666665,1,58.44016704063332,38.266666666666666,27.0,109,6.533333333333333,98,4,Monday,May,2026,4,1,learn,2,62.44813278008298,26.45228215767635,70.8298755186722,31.74273858921162,52.9045643153527,42.738589211618255,55.850622406639,80.18672199170123,Learner,0,1,0,0,0,0,1.506313918126885,0.06680296541615122,1.6037735849056602,0.04811764286744655,0.013282151297957272,0.4785949415248209,40.48987172217502,0.4581166906834532,0.6294696240383965,0.4898717221750149,0.7210103399207702
6a0412d4-e994-83e9-9f38-19b2eb5bc650,Content Creator Bio Ideas,10,5,5,1.0,232.9084969,1,2.5761189822869017,91.4,43.0,212,13.0,65,5,Wednesday,May,2026,5,0,create_content,10,59.95850622406639,10.477178423236516,41.03734439834025,12.572614107883815,20.95435684647303,9.95850622406639,68.29875518672199,51.55601659751038,Creator,0,0,0,0,1,0,0.6719985443731769,0.02357179121437033,0.47874647581869445,0.363855229010529,0.0005854945975853175,0.14367816091954022,1.1087462698433195,0.1257861635220126,1.4626138323148459,41.10874626984332,1.036034323136443
6a042726-1eb0-83e9-9d87-541b0bc2986a,Insert button battery,6,3,3,1.0,1.9085817,1,188.62173937851333,7.0,0.0,21,1.0,3,7,Wednesday,May,2026,7,0,other,0,35.9612724757953,10.477178423236516,2.240663900414938,12.572614107883815,20.95435684647303,70.53941908713693,35.43568464730291,34.75103734439834,Explorer,0,0,0,0,0,0,0.2401222732339979,0.0010879288252786305,0.25374105400130126,0.0029816320176458315,0.042869529766527664,0.07982120051085569,0.08419757160867734,0.0628930817610063,0.11153814292805073,0.08419757160867734,0.12147949082329237
6a044766-5808-83e9-ad71-c195c8c7bae6,Legit Online Typing Jobs,4,2,2,1.0,1.0428011666666666,1,230.1493397510903,56.0,56.0,63,11.0,22,9,Wednesday,May,2026,9,0,other,0,30.70539419087137,10.477178423236516,28.340248962655604,12.572614107883815,20.95435684647303,73.44398340248964,32.19917012448133,24.5850622406639,Explorer,0,0,0,0,0,0,0.13611179730378054,0.007978144718709957,0.14123834309260463,0.0016290889441996428,0.052307830495650576,0.047892720306513405,0.6728552869858997,0.03144654088050315,0.8918216195020597,0.6728552869858997,0.48769891204124377
6a05c9c9-57c0-83e8-99d4-7c66aa9232c5,Best camera multitasking phone,8,4,4,1.0,6.113760883333333,1,78.51141206855563,26.0,19.5,50,5.0,20,13,Thursday,May,2026,13,0,other,0,44.32918395573997,10.477178423236516,14.066390041493776,12.572614107883815,20.95435684647303,50.20746887966805,44.64730290456431,43.98340248962656,Explorer,0,0,0,0,0,0,0.3473933044808029,0.0072528588351908705,0.36624376490999777,0.00955106359763238,0.017843899265136725,0.11174968071519795,0.3159458177449576,0.09433962264150944,0.41642585110314956,0.3159458177449576,0.3048058215342796
6a06abfb-bcd0-83e8-a27d-93851695fe18,CECC Acronym Meaning,12,6,6,1.0,3.11191235,1,231.3689844124305,39.333333333333336,28.0,114,6.0,36,5,Friday,May,2026,5,1,learn,1,45.08990318118949,26.45228215767635,65.35269709543569,31.74273858921162,52.9045643153527,73.85892116182573,38.42323651452282,56.95020746887967,Learner,0,1,0,0,0,0,0.5507926027279839,0.044319103027059506,0.591249186727391,0.0048615039633186675,0.05258502862395851,0.19123861968574046,40.4800521863053,0.17509782275892485,0.6313661511381687,0.4800521863052983,0.46295085575096423
6a07ed91-9908-83e8-9157-4637971dd1e0,Best Camera Mobiles 2026,4,2,2,1.0,1.0170311666666667,1,235.98096879036976,15.5,15.5,23,3.0,6,4,Saturday,May,2026,4,0,other,0,30.567081604426004,10.477178423236516,4.605809128630705,12.572614107883815,20.95435684647303,74.27385892116183,31.95020746887967,24.5850622406639,Explorer,0,0,0,0,0,0,0.13608663573449364,0.002175857650557261,0.14123834309260463,0.0015888304333406462,0.05363323018452237,0.047892720306513405,0.18620435238522584,0.03144654088050315,0.24682189807992966,0.18620435238522584,0.16324482638536494
6a09490e-6694-83ec-b908-6eb6b34ad665,Infosys Test Error Fix,8,4,4,1.0,56.72490508333333,1,8.461891638158624,103.75,97.5,187,18.25,73,4,Sunday,May,2026,4,2,troubleshoot,2,53.18118948824343,33.29875518672199,42.73858921161826,79.95850622406638,66.59751037344398,14.937759336099584,60.58091286307054,43.98340248962656,Problem Solver,0,0,1,0,0,0,0.39680951757650446,0.08900084899587857,0.36624376490999777,0.08861700455075487,0.0019231999273170517,0.14301363783891388,1.258276568859535,40.13006985935433,1.6600534686470823,1.258276568859535,0.9725592927538924
6a094d1b-ed18-83e8-b2a9-50eeab723a58,Python meeting scheduler,9,5,4,1.25,14.24953895,1,37.89596294271683,53.2,36.0,98,10.6,53,5,Sunday,May,2026,5,4,troubleshoot,1,49.446749654218536,36.82572614107884,32.323651452282164,84.1908713692946,73.65145228215768,31.535269709543567,51.12033195020747,50.10373443983403,Problem Solver,0,0,1,0,0,0,0.42657365281243526,0.14427590440811958,0.4500108436347864,0.02226097084029013,0.008612910244369696,0.19024183506480097,0.6508533610670861,40.197246636947646,0.8549910974806111,0.6508533610670861,0.5472038627854312
6a0a6d18-b1d8-83ec-9931-c88004a574ee,Samsung 4C Error Fix,6,3,3,1.0,6.351399433333333,1,56.68042197293602,111.66666666666669,151.0,153,21.666666666666668,65,1,Monday,May,2026,1,2,troubleshoot,1,41.355463347164594,33.29875518672199,42.86307053941909,79.95850622406638,66.59751037344398,42.32365145228216,45.14522821576763,34.75103734439834,Problem Solver,0,0,1,0,0,0,0.24446019586598142,0.0860997054618022,0.25374105400130126,0.009922308228819472,0.012882200349515625,0.11108515763457164,1.3493684737114453,40.09862331847383,1.7834434374723471,1.3493684737114453,0.9683970969973913
6a0c7111-9ed8-83ec-a0b0-569c3594fe8a,Language Learning for Growth,14,7,7,1.0,2.328349983333333,1,360.7705052989636,28.0,27.0,54,5.714285714285714,40,14,Tuesday,May,2026,14,0,create_content,2,45.78146611341632,10.477178423236516,19.70954356846473,12.572614107883815,20.95435684647303,79.25311203319502,36.92946058091286,61.51452282157676,Creator,0,0,0,0,1,0,0.6531926768089127,0.014505717670381741,0.7037518976360876,0.0036374040779034,0.08199511873211444,0.20753512132822477,0.3469442888039766,0.18867924528301888,0.4529219066250477,40.346944288803975,0.39914299163751593
6a0c7c10-ddc4-83ec-b96b-e56ad6682f0f,TCS NQT Test Prep,22,11,11,1.0,743.2900147833334,2,1.7758882451619853,28.09090909090909,25.0,62,5.181818181818182,57,15,Tuesday,May,2026,3,2,create_content,1,84.99308437067772,33.29875518672199,21.53526970954357,39.95850622406639,66.59751037344398,7.468879668049793,90.95435684647305,73.34024896265561,Creator,0,0,0,0,1,0,1.7893207536099265,0.08319856192772587,4.010905598413731,9.732614024728491,0.0004036199339420934,0.3665129992693098,0.35418856482406286,0.3501956455178497,0.4584709879785545,40.354188564824064,3.9420605273920004
6a0fdf4d-60fc-83e8-94ce-1a9c0746d649,Double-Sided Card Canva,16,9,7,1.2857142857142858,7.924919200000001,1,121.1368817489016,21.11111111111111,16.0,44,4.333333333333333,39,4,Friday,May,2026,4,0,build,1,52.35131396957123,60.47717842323652,15.767634854771783,12.572614107883815,20.95435684647303,60.99585062240664,46.63900414937759,67.11618257261411,Builder,1,0,0,0,0,0,0.8011304234162917,0.0141430747286222,0.8712860550856647,0.012380498473801876,0.027531721290819797,40.23946360153257,0.26479120375791987,0.2515723270440252,0.34362622185814506,0.26479120375791987,0.3742885996349012
6a143e70-4208-8322-bb6e-a9e9aa8a281c,Black Screen After Login,2,1,1,1.0,0.0255696833333333,1,4693.057729172764,92.0,92.0,92,19.0,19,12,Monday,May,2026,12,0,other,0,21.576763485477176,10.477178423236516,34.232365145228215,12.572614107883815,20.95435684647303,90.04149377593362,24.23236514522821,9.75103734439834,Explorer,0,0,0,0,0,0,0.031953446186446854,0.006890215893431327,0.02873563218390805,3.994557136733081e-05,1.0666277316692099,0.015964240102171137,1.099188378189529,0.0,1.4609910269904178,1.099188378189529,0.7455836169937733
6a147e27-419c-8323-a91a-ff755df4b5d0,Night Photography Tips,2,1,1,1.0,0.0409779333333333,1,2928.405369393934,52.0,52.0,52,10.0,10,16,Monday,May,2026,16,0,other,0,21.85338865836791,10.477178423236516,23.56846473029045,12.572614107883815,20.95435684647303,89.21161825726142,24.730290456431536,9.75103734439834,Explorer,0,0,0,0,0,0,0.031968490647058596,0.0036264294175954353,0.02873563218390805,6.401670834611007e-05,0.6655614647883658,0.015964240102171137,0.6210123472371288,0.0,0.8255988433711082,0.6210123472371288,0.42681163192732924
6a153ac8-f66c-8323-a886-e6c83e5ad359,Free Digital Marketing Courses,8,4,4,1.0,2055.32624565,2,0.2335395662931357,35.25,33.0,58,6.0,24,6,Tuesday,May,2026,6,0,other,0,76.8326417704011,10.477178423236516,21.53526970954357,12.572614107883815,20.95435684647303,4.564315352697095,93.44398340248962,43.98340248962656,Explorer,0,0,0,0,0,0,2.348223801918987,0.008703430602229044,3.223386622052855,11.782308430927298,5.307835365028989e-05,0.11174968071519795,0.4272198460472012,0.09433962264150944,0.5638241743281155,0.4272198460472012,4.836795762162513
6a17d638-bf18-8323-85a3-dc7cae7e5c2f,Nexellence RPO Overview,10,5,5,1.0,5.521763750000001,1,108.6609328405258,23.2,32.0,45,2.2,11,5,Thursday,May,2026,5,0,research,2,45.98893499308437,10.477178423236516,10.456431535269711,12.572614107883815,20.95435684647303,58.92116182572615,43.15352697095436,51.55601659751038,Researcher,0,0,0,1,0,0,0.449980420932375,0.003989072359354979,0.47874647581869445,0.008626231505246077,0.02469621534725506,0.14367816091954022,0.2794381741557621,0.1257861635220126,40.36992485063478,0.2794381741557621,0.30554776059209665
6a17da65-e764-83a9-8fe7-30d0d39c6f5e,AI/ML Experience Guidance,4,2,2,1.0,5.776464633333333,1,41.54790433842005,0.0,0.0,0,0.0,0,6,Thursday,May,2026,6,0,other,0,37.2060857538036,10.477178423236516,0.6224066390041494,12.572614107883815,20.95435684647303,33.19502074688796,43.90041493775934,24.5850622406639,Explorer,0,0,0,0,0,0,0.14073369878989903,0.0,0.14123834309260463,0.00902413132198923,0.0094429153693598,0.047892720306513405,0.0,0.03144654088050315,0.0,0.0,0.04282624190620534
6a1d2a85-a92c-8320-83da-f187626a9b08,Eye Scratch and Dark Circles,2,1,1,1.0,0.0516831166666666,1,2321.8414008185136,86.0,86.0,86,20.0,20,6,Monday,June,2026,6,0,other,0,22.268326417704014,10.477178423236516,33.56846473029046,12.572614107883815,20.95435684647303,87.55186721991701,25.47717842323652,9.75103734439834,Explorer,0,0,0,0,0,0,0.03197894308059256,0.0072528588351908705,0.02873563218390805,8.074060200045826e-05,0.5277029539304744,0.015964240102171137,1.0283141844598036,0.0,1.3662503400562778,1.0283141844598036,0.6983545520226064
6a207d63-e3e8-8323-94e2-d1abb5e59e01,Redmi 10 IR Issue,11,5,6,0.8333333333333334,3.5875489833333334,1,183.96961353452184,24.2,13.0,79,5.2,26,19,Wednesday,June,2026,19,0,other,0,45.08990318118949,10.477178423236516,14.854771784232366,12.572614107883815,20.95435684647303,69.29460580912863,39.91701244813278,52.9045643153527,Explorer,0,0,0,0,0,0,0.4800203532567337,0.009428716485748133,0.5074821080026025,0.005604554897272366,0.041812204942762714,0.15964240102171137,0.2967506243940694,0.1257861635220126,0.3893816882015938,0.2967506243940694,0.32834994786205157
6a212f26-b70c-8323-92e8-ab53bf5f7823,Fresher Developer Role Chennai,2,1,1,1.0,0.2997488333333333,1,400.3351695002427,873.0,873.0,873,135.0,135,7,Thursday,June,2026,7,5,build,3,23.789764868603044,88.17427385892117,53.94190871369295,45.8091286307054,76.34854771784232,80.08298755186722,28.21576763485477,9.75103734439834,Builder,1,0,0,0,0,0,0.03222115195593622,0.2052765827561181,0.02873563218390805,0.00046827480255031816,0.09098728769030516,40.09412413291146,10.41391653283855,0.08932559178204556,13.852584179026376,10.41391653283855,6.955616551375379
6a22d6a2-62bc-8322-856b-43499321ce00,Parametric Line Equation,8,4,4,1.0,6.88852435,1,69.68110666546457,17.5,19.5,31,3.25,13,14,Friday,June,2026,14,1,learn,1,45.0207468879668,26.45228215767635,48.71369294605809,31.74273858921162,52.9045643153527,45.64315352697096,45.89211618257261,43.98340248962656,Learner,0,1,0,0,0,0,0.34814977575156236,0.035978315366590005,0.36624376490999777,0.010761417630847524,0.015836967076023088,0.12738165927705591,40.21248846520137,0.11220474099791855,0.28017504810657845,0.21248846520137088,0.23643943018849603
6a22db2e-1e48-8321-adab-52117d3d6df6,Signature in SSC Format,7,3,4,0.75,5.399916283333334,1,77.77898359208203,20.33333333333333,29.0,32,4.0,12,14,Friday,June,2026,14,0,other,0,41.56293222683264,10.477178423236516,9.253112033195022,12.572614107883815,20.95435684647303,49.37759336099585,42.65560165975104,37.13692946058092,Explorer,0,0,0,0,0,0,0.275459657474902,0.004351715301114522,0.28247668618520927,0.008435878476144746,0.017677434548622643,0.09578544061302681,0.24576543957670127,0.0628930817610063,0.3247861092348587,0.24576543957670127,0.24468991811296137
6a22debc-6240-8322-a3ef-1d9af5ea0e13,CGPA to Percentage Conversion,6,3,3,1.0,0.8098010999999999,1,444.5536070523984,27.33333333333333,35.0,43,4.333333333333333,13,14,Friday,June,2026,14,0,other,0,33.4716459197787,10.477178423236516,13.360995850622407,12.572614107883815,20.95435684647303,81.74273858921161,30.95435684647303,34.75103734439834,Explorer,0,0,0,0,0,0,0.23904943488716157,0.0047143582428740664,0.25374105400130126,0.001265090662707713,0.10103715591396453,0.07982120051085569,0.3292377253018595,0.0628930817610063,0.43584072824056336,0.3292377253018595,0.2839813226079448
6a23f1d0-44e0-8324-8816-013e7da3d213,Ice for Skin and Weight,6,3,3,1.0,2.4327530666666664,1,147.98049375938857,55.66666666666666,50.0,85,11.0,33,10,Saturday,June,2026,10,0,other,0,36.92946058091286,10.477178423236516,30.29045643153528,12.572614107883815,20.95435684647303,64.73029045643153,37.17842323651452,34.75103734439834,Explorer,0,0,0,0,0,0,0.24063406889409017,0.011967217078064937,0.25374105400130126,0.0038005050737934956,0.03363267777609214,0.07982120051085569,0.6728867573079499,0.0628930817610063,0.8892041983585567,0.6728867573079499,0.5143483844842146
6a2565db-81d4-8324-b54e-6505c43c76b6,Poster Arrangement Tips,12,6,6,1.0,5.1411496,1,140.04649854966289,33.666666666666664,28.5,86,6.333333333333333,38,12,Sunday,June,2026,12,1,create_content,3,47.16459197786998,26.45228215767635,23.48547717842324,31.74273858921162,52.9045643153527,63.48547717842323,42.15767634854772,56.95020746887967,Creator,0,0,0,0,1,0,0.5527739296067335,0.045044388910578596,0.591249186727391,0.008031626969318138,0.03182945697592616,0.19123861968574046,0.41349823755463744,0.17509782275892485,0.5421440288816081,40.413498237554634,0.4201666180868566
6a26c426-c13c-8324-958f-d71ea247d05e,Teaching Basics for Weak Students,42,21,21,1.0,34.79105623333333,1,72.43240857935169,58.285714285714285,41.0,165,10.904761904761903,229,13,Monday,June,2026,13,1,learn,5,65.42185338865836,26.45228215767635,79.41908713692946,31.74273858921162,52.9045643153527,47.30290456431535,57.34439834024896,86.20331950207469,Learner,0,1,0,0,0,0,2.1292008484184937,0.11430919078665142,2.27878985035784,0.054351420844611066,0.016462276861007097,0.6701658227508746,40.775060218471644,0.6467959359664721,0.978050135520234,0.7750602184716432,1.0675095980879477
6a28f6bb-0848-8321-aec9-0f0bb79812b9,Teaching After Alphabets,12,6,6,1.0,71.68121876666667,1,10.044472072157562,32.333333333333336,27.5,65,6.0,36,5,Wednesday,June,2026,5,1,learn,2,57.952973720608576,26.45228215767635,61.86721991701245,31.74273858921162,52.9045643153527,17.012448132780083,61.57676348547717,56.95020746887967,Learner,0,1,0,0,0,0,0.6177429851244058,0.044319103027059506,0.591249186727391,0.11198211579759387,0.0022828852915109214,0.19123861968574046,40.3969425435219,0.17509782275892485,0.5205532940936372,0.3969425435218996,0.4611047331458361
6a2a3ace-ce94-8323-8b16-63ae175043d5,Vowel Fill-in Questions,2,1,1,1.0,0.06394815,1,1876.5202746287416,45.0,45.0,45,8.0,8,4,Thursday,June,2026,4,0,other,0,22.544951590594746,10.477178423236516,21.28630705394191,12.572614107883815,20.95435684647303,86.72199170124482,25.975103734439838,9.75103734439834,Explorer,0,0,0,0,0,0,0.031990918536006704,0.0029011435340763484,0.02873563218390805,9.990133066308783e-05,0.42649135797256565,0.015964240102171137,0.537177418570211,0.0,0.7143024624042303,0.537177418570211,0.37093962179387574
6a2fd8d1-1404-83ee-b614-3b80049be30b,Homework Reminder Template,4,2,2,1.0,0.4595772,1,522.2191179196878,111.5,111.5,163,18.5,37,10,Monday,June,2026,10,1,build,2,29.183955739972337,76.45228215767635,39.33609958506224,31.74273858921162,52.9045643153527,82.98755186721992,29.460580912863072,24.5850622406639,Builder,1,0,0,0,0,0,0.13554234327789583,0.044681745968819055,0.14123834309260463,0.0007179625027841469,0.11868880063385792,40.06352469886837,1.3372356703235257,0.04931165923691226,1.774035701201299,1.3372356703235257,0.9301636043789534
6a33c59f-c138-83e8-8531-ac6a30671731,School Uniform Notice,5,2,3,0.6666666666666666,0.2711622666666667,1,1106.3486217600578,93.0,93.0,178,17.0,34,10,Thursday,June,2026,10,0,other,0,30.1521438450899,10.477178423236516,37.63485477178424,12.572614107883815,20.95435684647303,85.06224066390041,27.717842323651453,27.4896265560166,Explorer,0,0,0,0,0,0,0.16728685703288815,0.012329860019824482,0.1699739752765127,0.00042361618382422427,0.2514484562011331,0.06385696040868455,1.1165008284278362,0.03144654088050315,1.480447864557232,1.1165008284278362,0.7956312620374174
6a361347-99ac-83ee-a917-6c999b10ba90,LinkedIn Profile Review,34,17,17,1.0,23593.2173155,3,0.0864655283219802,39.52941176470589,43.0,110,5.0,85,4,Saturday,June,2026,15,0,create_content,2,93.49930843706775,10.477178423236516,30.37344398340249,12.572614107883815,20.95435684647303,2.489626556016597,98.67219917012449,83.92116182572614,Creator,0,0,0,0,1,0,24.718751191486025,0.030824650049561204,7.5430647210087685,54.00074598626941,1.9651693131401164e-05,0.5268199233716475,0.5001496916499306,0.5031446540880504,0.6463164888335334,40.50014969164993,24.89811920245579
6a363311-66f4-83ee-bcf4-9cf0d8a40101,NATS 2.0 Registration Guide,22,11,11,1.0,29.5908201,1,44.60842908507291,17.363636363636363,10.0,56,2.8181818181818183,31,6,Saturday,June,2026,6,4,other,0,59.95850622406638,36.82572614107884,12.57261410788382,44.190871369294605,73.65145228215768,36.51452282157676,55.60165975103734,73.34024896265561,Explorer,0,0,0,0,0,0,1.092472024971577,0.13629775968940963,1.153762741270874,0.04622748747855951,0.01013850463261296,0.39777695639302574,0.21739701913778162,0.3859258822306679,0.282368071387345,0.21739701913778162,0.4362443235476093
6a4270d7-7188-83ee-a4fc-e50c55ecb2f6,Buyer Persona Example,6,3,3,1.0,2.8313174833333337,1,127.14928725554614,24.0,22.0,39,4.666666666666667,14,13,Monday,June,2026,13,0,other,0,37.344398340248965,10.477178423236516,12.19917012448133,12.572614107883815,20.95435684647303,61.82572614107884,37.9253112033195,34.75103734439834,Explorer,0,0,0,0,0,0,0.2410232231892101,0.005077001184633609,0.25374105400130126,0.00442315194598538,0.028898207453468844,0.07982120051085569,0.2900243478705721,0.0628930817610063,0.38331446303767375,0.2900243478705721,0.25941810162872536
6a4290ed-970c-83e8-b959-6c53f0db45f1,No Response Follow-up Guide,2,1,1,1.0,0.0185099333333333,1,6483.005521359703,30.0,30.0,30,7.0,7,15,Monday,June,2026,15,0,other,0,20.470262793914245,10.477178423236516,12.946058091286307,12.572614107883815,20.95435684647303,93.3609958506224,22.240663900414937,9.75103734439834,Explorer,0,0,0,0,0,0,0.0319465531174219,0.0025385005923168045,0.02873563218390805,2.8916660927408247e-05,1.4734430882156968,0.015964240102171137,0.35872268394973994,0.0,0.4766045782047754,0.35872268394973994,0.2519343063786939
6a4915bd-8c50-83ee-8808-a7081c053e75,Resume Editing Request,6,3,3,1.0,9.322148516666664,1,38.61770699709103,78.0,113.0,121,14.0,42,14,Saturday,July,2026,14,0,build,1,42.46196403872752,60.47717842323652,37.468879668049794,12.572614107883815,20.95435684647303,31.950207468879665,47.13692946058091,34.75103734439834,Builder,1,0,0,0,0,0,0.24736080544666464,0.01523100355390083,0.25374105400130126,0.014563283557912622,0.008776946629172187,40.07982120051086,0.9413098802832008,0.0628930817610063,1.244925838008334,0.9413098802832008,0.6986785223764413
6a491bcd-c7e8-83e8-b2ce-f0e62d891f65,Alignment Verification Tips,2,1,1,1.0,751.2252873,2,0.1597390317241521,37.0,37.0,37,6.0,6,14,Saturday,July,2026,3,0,other,0,64.17704011065007,10.477178423236516,17.219917012448136,12.572614107883815,20.95435684647303,3.734439834024896,91.20331950207468,9.75103734439834,Explorer,0,0,0,0,0,0,0.7654173089373709,0.002175857650557261,2.8858784893267653,9.745010697401417,3.6305132154639234e-05,0.015964240102171137,0.4414696837913791,0.0,0.587175673288134,0.4414696837913791,3.7510184347386035
6a4fc6d0-f8e0-83ee-9eb5-cbc934f5bf68,Reg future plans,13,6,7,0.8571428571428571,7.142798766666667,1,109.2008924624938,21.83333333333333,18.0,48,4.333333333333333,26,16,Thursday,July,2026,16,0,other,0,50.27662517289073,10.477178423236516,13.443983402489629,12.572614107883815,20.95435684647303,59.33609958506224,46.39004149377594,58.09128630705394,Explorer,0,0,0,0,0,0,0.5866567999622242,0.009428716485748133,0.6199848189112991,0.01115865121115564,0.02481893617022567,0.19157088122605362,0.268651649929206,0.15723270440251574,0.35191638891510924,0.268651649929206,0.3379371305392247
6a54709e-654c-83e8-9353-4b4b0b7b341c,Kamarajar Speech Ideas,17,8,9,0.8888888888888888,29.228377233333333,1,34.89759256414506,40.75,15.0,162,7.625,61,4,Monday,July,2026,5,2,build,1,58.02213001383126,83.29875518672199,29.211618257261414,39.95850622406639,66.59751037344398,29.04564315352697,55.35269709543568,66.59751037344398,Builder,1,0,0,0,0,0,0.8145512100716431,0.08464913369476404,0.8449902407286922,0.04566127055642269,0.00793144728777319,40.286691798758454,0.5059380685078319,0.25585602287634024,0.6598366117122212,0.5059380685078319,0.5644649542578899
6a5788f9-aaa0-83ee-b1b4-d8706e87148e,Introduce Yourself Response,8,4,4,1.0,14.268902333333331,1,33.63958830096415,34.75,20.5,84,6.75,27,13,Wednesday,July,2026,13,1,build,3,48.06362378976487,76.45228215767635,22.24066390041494,31.74273858921162,52.9045643153527,28.63070539419087,51.36929460580913,43.98340248962656,Builder,1,0,0,0,0,0,0.35535590272055556,0.04105531655122362,0.36624376490999777,0.02229122078123665,0.007645530874402462,40.127381659277056,0.42237137181652284,0.11220474099791855,0.5566342561370253,0.42237137181652284,0.38212626950712525
6a58d6fa-3e58-83e8-9f88-07fd19d210d2,IINVSYS Interview Preparation,16,8,8,1.0,169.1022304,1,5.677039254474552,27.5,30.0,56,4.875,39,13,Thursday,July,2026,15,1,learn,1,63.55463347164592,26.45228215767635,59.25311203319502,31.74273858921162,52.9045643153527,11.618257261410788,66.80497925311204,65.35269709543569,Learner,0,1,0,0,0,0,0.9191941558616744,0.045407031852338145,0.8162546085447842,0.26417555214742044,0.0012902648661141883,0.255095580094425,40.34064524280626,0.23799090451993113,0.44476494058926525,0.34064524280626,0.5507554858372705
6a58d7e6-aed8-83ee-bd59-46d8915e59cf,Interview Project Explanation,16,8,8,1.0,121.7632357,1,7.884153163975094,32.5,35.5,57,6.375,51,13,Thursday,July,2026,14,3,build,1,62.86307053941909,85.26970954356847,24.315352697095435,42.32365145228216,70.53941908713693,14.522821576763487,65.56016597510373,65.35269709543569,Builder,1,0,0,0,0,0,0.8729728366876359,0.11228666140088456,0.8162546085447842,0.19022144146895884,0.001791892810767895,40.28635953721814,0.4043609886669451,0.2737211412327494,0.5268181248694357,0.4043609886669451,0.5562555944051631
6a58f719-2128-83ee-8060-e056fdc3edba,Python Interview Guide,12,6,6,1.0,31.44822693333333,1,22.89477246289014,23.83333333333333,24.0,45,5.166666666666667,31,15,Thursday,July,2026,15,6,other,0,55.04840940525588,39.73029045643153,15.560165975103736,47.67634854771784,79.46058091286307,23.651452282157678,56.34854771784232,56.95020746887967,Explorer,0,0,0,0,0,0,0.5784598958099852,0.19882567393684153,0.591249186727391,0.049129172894520914,0.00520347300809353,0.26939851249503033,0.29421047686183194,0.2644234145409704,0.38478601501941206,0.29421047686183194,0.36119021725425443
6a599c02-a8e0-83ee-868f-021d5e41ad01,Interview Project Explanation,2,1,1,1.0,0.0219819499999999,1,5459.024335875572,250.0,250.0,250,36.0,36,3,Friday,July,2026,3,7,research,2,21.300138312586444,41.286307053941904,43.60995850622408,49.543568464730285,82.57261410788381,90.8713692946058,23.734439834024897,9.75103734439834,Researcher,0,0,0,1,0,0,0.031949943159638575,0.23190284576935516,0.02873563218390805,3.434072847407553e-05,1.2407149198926093,0.12538809003517692,2.981256673881869,0.1250558284948638,43.96630546790693,2.981256673881869,2.0002930117005535
6a5a24e4-07ec-83ee-bf41-34c63c88765f,Data Analysis Process,6,3,3,1.0,4.2538498,1,84.6292222165437,24.666666666666668,19.0,42,4.333333333333333,13,12,Friday,July,2026,12,2,research,2,39.004149377593365,33.29875518672199,12.365145228215768,39.95850622406639,66.59751037344398,53.94190871369295,40.91286307053942,34.75103734439834,Researcher,0,0,0,1,0,0,0.24241216946195457,0.06724227249030595,0.25374105400130126,0.006645465982376503,0.019234341560437792,0.11108515763457164,0.29757690900342193,0.09862331847382452,40.39362630650931,0.29757690900342193,0.2655642994021541
6a5a2660-a458-83ee-adaf-3d3e16f8a86f,Market Analysis Overview,6,2,4,0.5,6.900748433333334,1,52.16825442600663,70.0,70.0,125,13.5,27,12,Friday,July,2026,12,0,research,1,41.90871369294606,10.477178423236516,33.52697095435685,12.572614107883815,20.95435684647303,41.49377593360996,46.141078838174266,29.771784232365142,Researcher,0,0,0,1,0,0,0.2056883986138653,0.009791359427507676,0.19870960746042077,0.01078051438643993,0.011856684936488506,0.07982120051085569,0.8408877872614949,0.03144654088050315,41.114656143396985,0.8408877872614949,0.6298390757762345
6a5a2828-fe14-83e8-a7d5-291b379f129a,Instagram Comment-to-DM Automation,2,1,1,1.0,0.0540177666666666,1,2221.491324150757,125.0,125.0,125,25.0,25,13,Friday,July,2026,13,0,other,0,22.40663900414938,10.477178423236516,37.51037344398341,12.572614107883815,20.95435684647303,87.13692946058092,25.72614107883817,9.75103734439834,Explorer,0,0,0,0,0,0,0.03198122260941427,0.009066073543988588,0.02873563218390805,8.438784811520243e-05,0.504895611505597,0.015964240102171137,1.4931668375332514,0.0,1.9848450676816762,1.4931668375332514,1.0082581443612955
6a5a2849-a8e8-83e8-89fd-eceaca26fa9b,Digital Marketing Analytics Process,2,1,1,1.0,0.0489797666666666,1,2449.991254892326,147.0,147.0,147,26.0,26,13,Friday,July,2026,13,1,research,1,22.13001383125864,26.45228215767635,38.42323651452283,31.74273858921162,52.9045643153527,87.96680497925311,25.228215767634858,9.75103734439834,Researcher,0,0,0,1,0,0,0.03197630355679234,0.040692673609464075,0.02873563218390805,7.651736392010632e-05,0.5568285679869169,0.031596218664029105,1.754731214937121,0.01786511835640911,42.33335580892566,1.754731214937121,1.182630460721778
6a5b1c3b-a700-83ee-850b-7334bf3e2813,Tech for Data Analysis,2,1,1,1.0,0.30678105,1,391.1584499759682,43.0,43.0,43,8.0,8,6,Saturday,July,2026,6,0,learn,1,23.92807745504841,10.477178423236516,60.539419087136935,12.572614107883815,20.95435684647303,79.66804979253112,28.46473029045643,9.75103734439834,Learner,0,1,0,0,0,0,0.03222801814169093,0.0029011435340763484,0.02873563218390805,0.00047926069975783936,0.0889016232695381,0.015964240102171137,40.51343180634638,0.0,0.6826416461057928,0.5134318063463827,0.35529889332920433
6a5b24ed-90b8-83ee-b521-52742f25d31d,Create Claude Desktop Shortcut,2,1,1,1.0,0.2919199,1,411.0716672621496,77.0,77.0,77,15.0,15,7,Saturday,July,2026,7,0,other,0,23.651452282157678,10.477178423236516,31.70124481327801,12.572614107883815,20.95435684647303,80.49792531120332,27.966804979253112,9.75103734439834,Explorer,0,0,0,0,0,0,0.03221350786402668,0.005439644126393153,0.02873563218390805,0.00045604425549504603,0.09342745504274745,0.015964240102171137,0.9196457147437792,0.0,1.2225678569074434,0.9196457147437792,0.6260965573720039
6a5b2b3a-0430-83ee-90cf-c5d45a8d5d2a,AB Testing Analysis,12,6,6,1.0,119.34770286666668,1,6.032793113784288,445.0,4.0,2528,46.5,279,7,Saturday,July,2026,7,1,troubleshoot,2,59.88934993084371,26.45228215767635,53.02904564315353,71.74273858921163,52.9045643153527,13.692946058091287,65.06224066390041,56.95020746887967,Problem Solver,0,0,1,0,0,0,0.6642840616608354,0.13244133787462858,0.591249186727391,0.18644783825588107,0.0013711198126939734,0.19123861968574046,5.384576100552689,40.17509782275892,7.111983213569644,5.384576100552689,3.823426632395506
6a5b7c13-0934-83ee-b9dd-caa13b9a8b5f,Congratulations Message Draft,6,3,3,1.0,1.8355893666666667,1,196.1222953986386,74.0,90.0,119,13.0,39,13,Saturday,July,2026,13,0,other,0,35.68464730290456,10.477178423236516,36.34854771784232,12.572614107883815,20.95435684647303,71.78423236514523,34.93775933609959,34.75103734439834,Explorer,0,0,0,0,0,0,0.24005100425252418,0.0141430747286222,0.25374105400130126,0.002867601647287914,0.044574239470879476,0.07982120051085569,0.8927307270102658,0.0628930817610063,1.1808789195279397,0.8927307270102658,0.6604445792391724
6a5e1463-4158-83e8-b482-69ee464d39f7,Understanding banger meaning,2,1,1,1.0,0.1438692833333333,1,834.090482830653,23.0,23.0,23,4.0,4,12,Monday,July,2026,12,1,other,0,23.09820193637621,26.45228215767635,7.759336099585063,31.74273858921162,52.9045643153527,84.64730290456431,26.970954356846477,9.75103734439834,Explorer,0,0,0,0,0,0,0.03206895272824,0.032714528890754116,0.02873563218390805,0.00022475603823636492,0.1895702314033445,0.031596218664029105,0.2745251123410626,0.01786511835640911,0.36506643527672467,0.2745251123410626,0.1959005116615635
6a5e1482-eb58-83ee-ad18-74026ba95e7c,Meaning of Mass,2,1,1,1.0,0.0165161999999999,1,7265.593780651724,4.0,4.0,4,1.0,1,12,Monday,July,2026,12,0,other,0,20.055325034578143,10.477178423236516,1.4522821576763485,12.572614107883815,20.95435684647303,94.6058091286307,21.49377593360996,9.75103734439834,Explorer,0,0,0,0,0,0,0.03194460645621095,0.00036264294175954355,0.02873563218390805,2.5802002989886043e-05,1.6513080087025667,0.015964240102171137,0.047853867389415945,0.0,0.06356339455804824,0.047853867389415945,0.044686871342842494
6a5efdde-ef60-83e8-a9ff-0e11d357e304,Math Fundamentals 5s 10s 100s,21,10,11,0.9090909090909092,3131.139437383333,3,0.4024094184234003,36.1,32.0,59,7.2,72,5,Tuesday,July,2026,9,1,learn,2,88.24343015214384,26.45228215767635,68.21576763485477,31.74273858921162,52.9045643153527,5.394190871369295,96.43153526970954,71.6804979253112,Learner,0,1,0,0,0,0,4.0495563011609885,0.05737424893040308,6.7842813768317995,22.034398122326714,9.145871837611836e-05,0.33491678060528074,40.45471859244679,0.3008839862809375,0.588884595391257,0.45471859244678625,8.718629773953097
6a5f00e9-043c-83e8-83ef-0fdfb317c313,Kuyili Independence Day Speech,8,4,4,1.0,9.9304988,1,48.335940587395264,29.0,25.5,57,5.25,21,5,Tuesday,July,2026,5,0,build,1,46.12724757952973,60.47717842323652,15.975103734439834,12.572614107883815,20.95435684647303,38.17427385892116,47.88381742738589,43.98340248962656,Builder,1,0,0,0,0,0,0.35111992906520506,0.007615501776950415,0.36624376490999777,0.015513662932675877,0.01098568516350189,40.1117496807152,0.35192687902245945,0.09433962264150944,0.464158837511979,0.35192687902245945,0.3317744953868026
6a5f7190-18f4-83e8-9882-4c396763b73a,Using Claude for Data Analysis,6,3,3,1.0,3.3897826666666666,1,106.20149885715388,52.66666666666666,36.0,86,9.0,27,13,Tuesday,July,2026,13,1,build,1,37.89764868603043,76.45228215767635,28.04979253112033,31.74273858921162,52.9045643153527,57.26141078838174,38.92116182572615,34.75103734439834,Builder,1,0,0,0,0,0,0.24156850298760932,0.04105531655122362,0.25374105400130126,0.005295599623424138,0.024137240656923138,40.09545317907271,0.6350924813216503,0.08075820011741541,0.840262402143862,0.6350924813216503,0.48989974776816353
6a61da6b-fb28-83e8-a5d9-edfb0b877658,Teaching English Speaking,8,4,4,1.0,1188.16505465,2,0.4039842765291515,48.0,37.0,107,9.5,38,9,Thursday,July,2026,4,0,learn,3,76.417704011065,10.477178423236516,68.54771784232365,12.572614107883815,20.95435684647303,5.809128630705394,92.69709543568464,43.98340248962656,Learner,0,1,0,0,0,0,1.5015363207302421,0.013780431786862654,3.223386622052855,10.427608461025306,9.181664862670881e-05,0.11174968071519795,40.58367512515874,0.09433962264150944,0.7690465456870778,0.5836751251587395,4.26374929661921
6a62f1fc-746c-83ee-a47b-8a0896a5693d,Job Referral Request Message,2,1,1,1.0,0.02504075,1,4792.188732366243,86.0,86.0,86,20.0,20,5,Friday,July,2026,5,0,other,0,21.43845089903181,10.477178423236516,33.56846473029046,12.572614107883815,20.95435684647303,90.45643153526972,23.98340248962656,9.75103734439834,Explorer,0,0,0,0,0,0,0.031952929741250316,0.0072528588351908705,0.02873563218390805,3.911925905286887e-05,1.0891580057839054,0.015964240102171137,1.0283141844598036,0.0,1.3662503400562778,1.0283141844598036,0.6983337413511327
6a631e6a-4180-83ee-9563-fb3555ec34c5,Job Offer Acceptance Email,10,5,5,1.0,7.983722999999999,1,75.15290798540983,66.0,71.0,119,11.6,58,8,Friday,July,2026,8,1,other,0,48.06362378976487,26.45228215767635,37.67634854771785,31.74273858921162,52.9045643153527,48.13278008298755,46.88796680497925,51.55601659751038,Explorer,0,0,0,0,0,0,0.45238425322769255,0.052297247745769465,0.47874647581869445,0.012472363177754155,0.017080585920461754,0.1593101394813982,0.8046384940083843,0.14365128187842172,1.0588291315964766,0.8046384940083843,0.6576043729967654
6a646530-8a60-83ee-b9fe-a10563a241b9,Moto G Camera Quality,14,7,7,1.0,4.556017183333334,1,184.3715609925396,30.428571428571427,28.0,69,5.857142857142857,41,7,Saturday,July,2026,7,1,create_content,2,48.271092669432925,26.45228215767635,21.49377593360996,31.74273858921162,52.9045643153527,69.70954356846472,41.41078838174274,61.51452282157676,Creator,0,0,0,0,1,0,0.6553677486987417,0.04613231773585723,0.7037518976360876,0.0071175191016298895,0.041903558667804416,0.22316709989008274,0.37614088944609897,0.206544363639428,0.4916089455200378,40.3761408894461,0.4203474495774608
6a64667d-0088-83ee-8d72-5afa806d48c1,Phone Slow Fix,8,4,4,1.0,2.4506949,1,195.86281425729493,27.25,28.0,45,6.75,27,7,Saturday,July,2026,7,0,other,0,40.31811894882434,10.477178423236516,16.431535269709546,12.572614107883815,20.95435684647303,71.36929460580913,37.42738589211618,43.98340248962656,Explorer,0,0,0,0,0,0,0.34381672362934657,0.009791359427507676,0.36624376490999777,0.0038285342353022397,0.044515265173699636,0.11174968071519795,0.33332532597716696,0.09433962264150944,0.43790619501788414,0.33332532597716696,0.3135308956745875
6a649860-4dd8-83e8-b3dc-466e47b3c734,Royal Blue Personality,22,11,11,1.0,2.7152423,1,486.144459372926,15.818181818181818,13.0,50,3.636363636363636,40,11,Saturday,July,2026,11,0,other,0,50.0,10.477178423236516,13.568464730290456,12.572614107883815,20.95435684647303,82.15767634854771,37.67634854771784,73.34024896265561,Explorer,0,0,0,0,0,0,1.0662309806200265,0.014505717670381741,1.153762741270874,0.004241816516079091,0.1104898324052578,0.33524904214559387,0.20231192344065937,0.3144654088050315,0.2600787528072913,0.20231192344065937,0.4051947576016209
6a65fa9e-4d60-83e8-aab2-9c25f094f23b,Noise ALT Buds (S) Review,4,2,2,1.0,2.11671255,1,113.38336894161658,30.0,30.0,30,5.5,11,12,Sunday,July,2026,12,0,other,0,32.6417704011065,10.477178423236516,14.190871369294609,12.572614107883815,20.95435684647303,60.58091286307054,35.684647302904565,24.5850622406639,Explorer,0,0,0,0,0,0,0.13716035359713338,0.003989072359354979,0.14123834309260463,0.003306779013564236,0.025769520130008522,0.047892720306513405,0.3601732557167781,0.03144654088050315,0.4775716260494675,0.3601732557167781,0.28008306956317824
6a6891b1-55f8-83e8-be16-045ed848efc6,Online shopping price check,2,1,1,1.0,0.1071859,1,1119.5502393505114,33.0,33.0,33,6.0,6,11,Tuesday,July,2026,11,0,other,0,22.959889349930844,10.477178423236516,15.145228215767636,12.572614107883815,20.95435684647303,85.47717842323651,26.72199170124481,9.75103734439834,Explorer,0,0,0,0,0,0,0.03203313544102935,0.002175857650557261,0.02873563218390805,0.000167448378699316,0.25444889051016345,0.015964240102171137,0.39397845934372266,0.0,0.5238540406912587,0.39397845934372266,0.27550742250023497
6a68b617-4324-83ee-9e61-bd170a171961,Freight Shipping Update,4,1,3,0.3333333333333333,0.0955135666666666,1,2512.732048187221,0.0,0.0,0,0.0,0,14,Tuesday,July,2026,14,0,other,0,27.52420470262794,10.477178423236516,0.6224066390041494,12.572614107883815,20.95435684647303,88.38174273858921,26.473029045643155,16.80497925311203,Explorer,0,0,0,0,0,0,0.09587869910062943,0.0,0.08620689655172413,0.00014921358016420401,0.5710881560629956,0.047892720306513405,0.0,0.0,0.0,0.0,0.03838878303529283
6a68b622-19e4-83ee-96ba-3ce896e0d1e8,Explain Request Clarification,4,2,2,1.0,0.3299943666666667,1,727.2851425443525,3.5,3.5,7,0.5,1,14,Tuesday,July,2026,14,1,learn,1,28.769017980636235,26.45228215767635,41.28630705394191,31.74273858921162,52.9045643153527,83.81742738589212,28.71369294605809,24.5850622406639,Learner,0,1,0,0,0,0,0.13541581990035195,0.031626600065475484,0.14123834309260463,0.0005155250987139256,0.1652957510082748,0.06352469886837138,40.04191746433346,0.04931165923691226,0.05564819048343885,0.0419174643334589,0.06651691501687362
6a6c02d1-03d0-83ee-a320-3cc6202ca1f4,Grammar Correction Clarification,4,2,2,1.0,0.342835,1,700.0452112532267,65.0,65.0,106,13.0,26,2,Friday,July,2026,2,0,other,0,28.9073305670816,10.477178423236516,32.448132780082986,12.572614107883815,20.95435684647303,83.40248962655602,28.962655601659755,24.5850622406639,Explorer,0,0,0,0,0,0,0.13542835736582745,0.009428716485748133,0.14123834309260463,0.0005355850434747481,0.15910471995760836,0.047892720306513405,0.781161113760165,0.03144654088050315,1.0352623406897212,0.781161113760165,0.559356044607058
6a6ec93e-6ba8-83ee-9634-7a8ba432aac3,Greedy Solution for Rocks,24,11,13,0.8461538461538461,40.24043545,1,35.784901030438526,14.545454545454543,13.0,37,3.090909090909091,34,4,Sunday,August,2026,5,9,troubleshoot,1,62.58644536652835,41.90871369294606,11.07883817427386,90.29045643153526,83.81742738589212,29.87551867219917,58.58921161825726,74.79253112033194,Problem Solver,0,0,1,0,0,0,1.1667271628931668,0.29370547413326803,1.21123400563869,0.0628645714992082,0.008133112784195777,0.5078653294066579,0.18502522164766594,40.475251474012715,0.2384803888503383,0.18502522164766594,0.4485244513946636
6a70224f-8540-83e8-b64c-2194133eceff,Digicherry Overview,76,38,38,1.0,233.43844016666665,1,19.534057873006365,16.92105263157895,9.5,73,3.3157894736842106,126,5,Monday,August,2026,6,6,build,3,73.23651452282157,89.73029045643153,19.336099585062243,47.67634854771784,79.46058091286307,22.82157676348548,68.54771784232365,91.18257261410788,Builder,1,0,0,0,0,0,4.076965480465828,0.23327675340399814,4.191335935805682,0.3646831190670193,0.004439657264359391,41.29110987903398,0.24659338776593323,1.2707127227170711,0.2983291765801094,0.24659338776593323,1.3045915575077334
6a702319-f698-83e8-ada9-cdaa81522ecb,Marketing Metrics Overview,2,1,1,1.0,25604.523813866665,2,0.0046866718112918,16.0,16.0,16,2.0,2,10,Thursday,July,2026,5,0,other,0,67.49654218533887,10.477178423236516,4.398340248962656,12.572614107883815,20.95435684647303,0.8298755186721992,97.17842323651452,9.75103734439834,Explorer,0,0,0,0,0,0,25.031928480204343,0.0007252858835190871,2.8858784893267653,48.57142857142857,1.065176354444153e-06,0.015964240102171137,0.1906901836741447,0.0,0.25377005430984695,0.1906901836741447,22.99704103834069
6a7056e8-7e10-83ee-a664-3742f784348c,E-Commerce Analytics Project,10,5,5,1.0,248.5433519,1,2.414065777311182,79.2,0.0,396,12.0,60,8,Monday,August,2026,8,3,build,3,60.37344398340249,85.26970954356847,39.37759336099585,42.32365145228216,70.53941908713693,9.54356846473029,69.04564315352697,51.55601659751038,Builder,1,0,0,0,0,0,0.6872642598319552,0.11555044787672045,0.47874647581869445,0.3882803737445743,0.0005486635052766692,40.19057409660511,0.9620848205691697,0.17938151859123994,1.2682740430885113,0.9620848205691697,0.9504725959873659
6a70597f-91f0-83e8-93ea-aa5c3f5e4247,Power Query Overview,78,39,39,1.0,249.45551416666663,1,18.760860090160964,143.69230769230768,39.0,1670,17.128205128205128,668,9,Monday,August,2026,10,14,build,9,73.85892116182572,93.04979253112032,49.5435684647303,51.6597510373444,86.09958506224066,22.40663900414938,69.29460580912863,91.80497925311204,Builder,1,0,0,0,0,0,4.195769527228303,0.6799408848273982,4.303838646714379,0.38970537547207784,0.004263926590491583,41.44809418773319,1.9482763940996475,1.4450802104488472,2.436204868735947,1.9482763940996475,2.4771008074295464
6a70954d-40d8-83e8-82ea-f918f99a0a08,Data Dashboard Setup Guide,17,8,9,0.8888888888888888,61.78352786666667,1,16.509254735359786,63.125,57.0,129,11.125,89,13,Monday,August,2026,14,6,build,1,61.20331950207469,89.73029045643153,38.50622406639005,47.67634854771784,79.46058091286307,21.57676348547718,61.078838174273855,66.59751037344398,Builder,1,0,0,0,0,0,0.8463377323186438,0.21985896455889503,0.8449902407286922,0.09651970615162389,0.0037521867290198265,40.34921971300589,0.7817461076311771,0.3273164963019767,1.0208113289638368,0.7817461076311771,0.7737661981377206
6a7095d1-bdd0-83e8-ab44-9304173d5ebb,AI Agent for Data Analytics,18,9,9,1.0,13.380837266666669,1,80.71243812899621,41.55555555555556,49.0,67,8.555555555555555,77,13,Monday,August,2026,13,7,build,3,55.87828492392808,91.2863070539419,30.78838174273859,49.543568464730285,82.57261410788381,52.28215767634856,50.37344398340249,69.29460580912863,Builder,1,0,0,0,0,0,0.8703144874515939,0.24677120638149647,0.9287573194534808,0.020903864276390096,0.018344143576984637,40.380815931669915,0.5213045604994709,0.376628155538889,0.6764570763223048,0.5213045604994709,0.5751019711940365
6a7172c1-77d8-83ee-866a-2ca572a325a9,Govt. Institutions Data Research,84,39,45,0.8666666666666667,571.2554135666667,1,8.822673501739729,63.20512820512821,14.0,1360,9.17948717948718,358,5,Tuesday,August,2026,11,5,research,18,75.03457814661134,38.17427385892116,41.49377593360996,45.8091286307054,76.34854771784232,15.767634854771783,70.78838174273858,92.32365145228216,Researcher,0,0,0,1,0,0,4.701542599578219,0.2861459587684963,4.476252439817827,0.8924288812702565,0.0020051976275342904,1.4031918212894943,0.8802484056080774,1.284294145241165,41.08711375871083,0.8802484056080774,2.093072253824677
6a718192-a0d4-83e8-b7e6-a8a68c49cc66,Client Dashboard Continuation,84,40,44,0.9090909090909092,99.34098918333332,1,50.73434482012962,29.3,15.0,213,6.075,243,6,Tuesday,August,2026,7,4,build,4,71.30013831258645,86.82572614107883,26.804979253112037,44.190871369294605,73.65145228215768,40.24896265560166,64.06639004149378,92.63485477178423,Builder,1,0,0,0,0,0,4.280078269408141,0.21317806334243283,4.5312838863587075,0.15519287123712588,0.01153078914773057,41.38755984272763,0.43599545392665234,1.2978755677652591,0.5225791153371571,0.43599545392665234,1.4282856143538283
6a719902-8714-83ee-8278-f0d8d2196351,they,327,156,171,0.912280701754386,1535.8696105,2,12.774521916357688,441.8076923076923,7.5,65005,67.12820512820512,10472,7,Tuesday,August,2026,9,234,build,195,94.74412171507606,99.1701244813278,56.01659751037345,59.00414937759335,98.3402489626556,19.91701244813278,92.9460580912863,98.54771784232364,Deep Technical Build,1,0,0,0,0,0,18.00105951082768,11.11336285305547,20.754833162933355,10.970800841211958,0.0029033649533232943,48.86222525678255,9.043093955627375,9.05465153187772,9.525727350099206,9.043093955627375,14.249032114432366
6a71f919-5c9c-83ee-b6de-3c475f732c5a,Government Institutions Research,83,24,59,0.4067796610169492,849.5600833333334,2,5.861857327924913,274.9583333333333,32.5,3318,38.375,921,14,Tuesday,August,2026,14,24,research,19,91.83955739972338,45.22821576763486,53.692946058091295,54.27385892116183,90.45643153526972,12.863070539419086,91.701244813278,90.24896265560166,Researcher,0,0,0,1,0,0,4.351725363436593,1.0843291203297223,6.479187966663568,9.89863166961427,0.0013322699071411565,1.6842351738626244,3.5985211298822546,1.152033280805391,44.57536540693598,3.5985211298822546,6.967012643526303
6a7303aa-d728-83e8-87d4-d89b62a7c71b,Government Schools Tamil Nadu,333,126,207,0.6086956521739131,182.07572163333333,1,109.73456439313752,230.42857142857144,17.0,4677,29.26984126984127,3688,9,Wednesday,August,2026,10,71,research,23,75.10373443983401,47.9253112033195,53.52697095435685,57.51037344398341,95.850622406639,59.75103734439834,67.05394190871368,98.3402489626556,Deep Technical Build,0,0,0,1,0,0,15.691554347107662,3.5571681249930283,16.419160702667533,0.28444305069985554,0.02494022794068475,6.409998191812733,4.073260920425975,5.19924101336794,44.53939644776184,4.073260920425975,7.097830976770566
6a733074-d660-83ee-ad25-87714dcbe85f,Excel Infrastructure Summary,189,85,104,0.8173076923076923,2445.1049810166664,3,4.6378376748817,265.08235294117645,24.0,4514,25.12941176470588,2136,12,Wednesday,August,2026,12,140,troubleshoot,17,96.2655601659751,48.7551867219917,54.10788381742739,98.50622406639005,97.5103734439834,11.20331950207469,95.68464730290457,96.88796680497924,Deep Technical Build,0,0,1,0,0,0,11.691817027156704,5.151559320918616,15.73922607429439,20.962658672917186,0.0010540774404411686,5.189754137868289,3.921876703758956,45.14262600385954,4.712765389279685,3.921876703758956,12.639792659854912
6a741019-e060-83e8-a8fd-9e70dc02efff,Tamil Nadu Infrastructure Data,161,60,101,0.594059405940594,376.4778933833333,1,25.65887710746431,63.81666666666667,31.5,1054,10.65,639,4,Thursday,August,2026,5,12,build,12,75.93360995850622,92.73858921161826,42.98755186721992,51.286307053941904,85.47717842323651,24.896265560165972,70.29045643153526,95.64315352697096,Deep Technical Build,1,0,0,0,0,0,7.795328458151498,0.6068963252689397,7.844556495337237,0.5881427768314033,0.005831692569257582,42.74186215908968,0.9894117498263334,2.0697273322265946,1.1647297732455457,0.9894117498263334,2.997101954711163
6a742b84-0ae0-83e8-bf02-a0334cb6c602,Reel Performance Response,14,7,7,1.0,145.4518393,1,5.775107444791178,56.0,51.0,88,11.0,77,6,Thursday,August,2026,6,1,build,1,62.10235131396957,76.45228215767635,35.601659751037346,31.74273858921162,52.9045643153527,12.033195020746888,66.30705394190872,61.51452282157676,Builder,1,0,0,0,0,0,0.792937014916028,0.05918746363920079,0.7037518976360876,0.22722834504928777,0.0013125535864800394,40.223167099890084,0.6928006487826746,0.206544363639428,0.9051185273665764,0.6928006487826746,0.7415093687756735
6a756dbd-23a4-83e8-a035-33717bc5f771,KYS Scraper Update,320,139,181,0.7679558011049724,241.489526,1,79.5065538370389,653.6690647482014,24.0,7355,45.70503597122302,6353,5,Friday,August,2026,6,511,research,37,75.79529737206086,49.79253112033195,57.427385892116185,59.75103734439834,99.5850622406639,51.867219917012456,68.79668049792531,98.13278008298757,Deep Technical Build,0,0,0,1,0,0,15.845501435869151,18.279752699217227,16.761006289308174,0.37726071807547745,0.01807007287485145,13.080533637702015,10.064756676110003,13.46869812163449,51.883761828814414,10.064756676110003,10.972542217185147
6a75a66e-abe4-83e8-860c-c139b215c2a6,KYS Scraper Continuation,112,50,62,0.8064516129032258,189.88307135,1,35.39020067572759,934.98,42.0,9836,84.16,4208,9,Friday,August,2026,10,420,troubleshoot,27,73.99723374827109,49.5850622406639,58.42323651452283,99.50207468879668,99.1701244813278,29.460580912863072,67.55186721991701,94.81327800829874,Deep Technical Build,0,0,1,0,0,0,5.6555618561831364,14.656863490884856,5.8861960529169375,0.2966398793125219,0.008043406164688977,8.337461647321344,12.626837757441608,49.04423021283648,15.818449343972706,12.626837757441608,9.983836299023462
6a75c38c-2124-83e9-b71e-5898519a12c0,Scraper.py Generation Request,528,212,316,0.6708860759493671,5483.348533283333,5,5.777491583419478,191.8490566037736,27.0,6676,23.59433962264151,5002,11,Friday,August,2026,4,416,troubleshoot,55,98.3402489626556,49.37759336099585,52.531120331950206,99.25311203319502,98.7551867219917,12.448132780082988,97.59336099585062,99.1701244813278,Deep Technical Build,0,0,1,0,0,0,30.474220683760155,14.819746158147067,38.18388480961676,42.851932619856804,0.0013130954482093937,14.916057615577104,4.091726646491475,54.067109362052356,4.246342198867809,4.091726646491475,25.170021987045693
6a797250-8634-83ee-91c1-751638889fad,Reference Sheet Creation,4,1,3,0.3333333333333333,0.2080839,1,1153.380919907787,48.0,48.0,48,8.0,8,6,Monday,August,2026,6,0,build,1,28.077455048409405,60.47717842323652,21.70124481327801,12.572614107883815,20.95435684647303,85.89211618257261,27.468879668049794,16.80497925311203,Builder,1,0,0,0,0,0,0.09598861164396716,0.0029011435340763484,0.08620689655172413,0.00032507364950455793,0.2621378524079309,40.047892720306514,0.5727958369059533,0.0,0.7617936868518869,0.5727958369059533,0.42034060434059856
6a7ac8c8-8f1c-83ee-803a-5169fd78be8c,Product Marketing Analysis,49,24,25,0.96,286.14923598333337,1,10.274359076643623,21.83333333333333,10.5,105,3.375,81,7,Tuesday,August,2026,9,1,learn,2,72.82157676348548,26.45228215767635,60.16597510373444,31.74273858921162,52.9045643153527,18.25726141078838,69.5435684647303,88.27800829875518,Learner,0,1,0,0,0,0,2.7160483413949343,0.060638035406238966,2.6450336152678373,0.44702918603526354,0.002335133499030503,0.7819155034660724,40.28859701172598,0.7411355586079815,0.36521329677962583,0.2885970117259809,1.028939420758324
6a7b0ee8-2acc-83e9-8ada-2171a01cb1e8,New Task Assistance,126,61,65,0.9384615384615383,1095.8684541166667,2,6.898638218483803,56.52459016393443,26.0,570,9.688524590163937,591,12,Tuesday,August,2026,5,6,learn,4,93.22268326417704,39.73029045643153,80.74688796680499,47.67634854771784,79.46058091286307,14.107883817427386,92.19917012448133,95.4356846473029,Deep Technical Build,0,1,0,0,0,0,7.419545548412305,0.40190572132218594,9.750983672584194,10.283420502359427,0.0015679071639898463,2.08932188414254,40.88542747815169,1.9939831629686435,1.037688651815661,0.8854274781516908,5.899847818259859
6a7b2f99-9858-83ee-9be2-789c0f92b01b,LinkedIn Profile Review,108,45,63,0.7142857142857143,74.06628860000001,1,87.48919545565025,18.91111111111111,4.0,195,3.2222222222222223,145,14,Tuesday,August,2026,15,3,learn,1,70.6777316735823,35.26970954356847,60.58091286307054,42.32365145228216,70.53941908713693,54.35684647302904,62.074688796680505,93.7759336099585,Deep Technical Build,0,1,0,0,0,0,5.218224710906593,0.14637509792628164,5.496096291476904,0.11570812898287586,0.019884349922725843,1.7550696266178856,40.27711118213822,1.437243153811366,0.33442609181420485,0.27711118213822056,1.6091338053294346
6a7b4e77-8e18-83e8-b75a-be607822980e,Palm Reading Guide Design,7,4,3,1.3333333333333333,4.44115,1,94.57010008668928,91.0,13.5,337,17.0,68,16,Tuesday,August,2026,16,1,build,3,40.73305670816044,76.45228215767635,41.07883817427386,31.74273858921162,52.9045643153527,56.01659751037344,41.16182572614108,41.49377593360996,Builder,1,0,0,0,0,0,0.31383170380184017,0.05592367716336491,0.33750813272608976,0.006938070838239613,0.021493682191924768,40.111417419174884,1.1050850762238322,0.11220474099791855,1.4570069549386773,1.1050850762238322,0.8168207720587628
6a7c0fcf-97d0-83ee-ab26-3d0b2ce88746,Personal Branding Strategy,640,275,365,0.7534246575342466,1835.23754905,2,20.923721847276685,281.67636363636365,35.0,2580,42.64727272727273,11728,6,Wednesday,August,2026,12,129,build,210,95.29737206085754,98.3402489626556,55.26970954356847,58.00829875518672,96.6804979253112,23.236514522821576,93.19502074688796,99.5850622406639,Deep Technical Build,1,0,0,0,0,0,32.96464662051308,8.286126889915284,36.29782817486136,11.438480600814236,0.004755497004289384,52.217674659767034,7.597365272719484,10.920952469234638,7.294436082988694,7.597365272719484,17.516498593878566
6a7c4b2b-0f70-83e8-b073-7626cb531293,GitHub Next Steps,49,14,35,0.4,19.482144666666667,1,150.90741036484792,257.5,0.0,3496,25.642857142857142,359,10,Wednesday,August,2026,10,16,planning,4,64.24619640387276,43.98340248962656,51.70124481327801,52.78008298755186,87.96680497925311,65.56016597510373,54.107883817427386,83.50622406639005,Planner,0,0,0,0,0,1,2.0625955095817665,0.6304121300711312,2.0947191498590323,0.030435472744258896,0.034297900877921825,1.016395181893942,3.1874363899095575,0.6946469251490865,4.163122642484959,3.1874363899095575,2.7532021495685393
6a7d57b7-43e4-83ee-afff-168ebc855e75,Polished PDF Creation,17,3,14,0.2142857142857142,6.249269716666666,1,163.21907138680257,77.0,12.0,219,14.333333333333334,43,5,Thursday,August,2026,5,0,build,1,52.21300138312586,60.47717842323652,37.427385892116185,12.572614107883815,20.95435684647303,66.80497925311202,44.89626556016597,51.24481327800829,Builder,1,0,0,0,0,0,0.5955737596837054,0.015593646495660373,0.5698330080242898,0.009762758740753842,0.037096067835744956,40.25542784163474,0.9297997171130464,0.0628930817610063,1.2293371918202882,0.9297997171130464,0.8290901307535317
6a7d5ad6-95f4-83e8-977d-3db3e401330d,Clean Structured PDF,5,1,4,0.25,2.2168232333333333,1,135.32878737873207,64.0,64.0,64,11.0,11,5,Thursday,August,2026,5,0,build,2,34.99308437067773,60.47717842323652,28.63070539419087,12.572614107883815,20.95435684647303,62.24066390041494,36.43153526970954,19.70954356846473,Builder,1,0,0,0,0,0,0.12987840476701082,0.003989072359354979,0.1149425287356322,0.003463174319426736,0.030757226064799602,40.063856960408685,0.7638486635218574,0.0,1.0158055031229067,0.7638486635218574,0.5620495978345661
6a7d6117-111c-83ee-b417-88c2986b7667,Graph format request,63,23,40,0.575,74.95482498333334,1,50.430375907628445,189.17391304347825,13.0,1021,25.08695652173913,577,6,Thursday,August,2026,6,0,build,8,69.432918395574,60.47717842323652,50.62240663900416,12.572614107883815,20.95435684647303,39.83402489626556,62.32365145228216,88.58921161825727,Builder,1,0,0,0,0,0,2.9175307855017456,0.20924497739525663,2.99230101930167,0.11709622178990103,0.011461703768783776,40.98978288633461,2.455270168392572,0.6918238993710693,3.134196906259925,2.455270168392572,2.4872211988910204
6a7d7562-6aa0-83e8-8280-989896426c88,Page Alignment Correction,42,7,35,0.2,33.12257686666667,1,76.08103711689274,60.285714285714285,34.0,133,11.0,77,7,Thursday,August,2026,8,1,build,1,65.14522821576763,76.45228215767635,37.0954356846473,31.74273858921162,52.9045643153527,48.54771784232365,56.84647302904564,73.96265560165975,Builder,1,0,0,0,0,0,1.577257296506464,0.05918746363920079,1.508349598785513,0.051744882439451495,0.01729152904695601,40.670165822750874,0.7436841035480207,0.206544363639428,0.9729631337203712,0.7436841035480207,1.0452889189362862
6a7d88d6-6ca0-83ea-9c38-02677ccac7d2,UI Rendering Issue,7,2,5,0.4,2.1703776,1,193.5147137530354,21.0,21.0,24,4.5,9,9,Thursday,August,2026,9,0,troubleshoot,1,37.82849239280775,10.477178423236516,8.589211618257263,52.572614107883815,20.95435684647303,70.95435684647303,35.933609958506224,32.15767634854772,Problem Solver,0,0,1,0,0,0,0.23299819222621992,0.003263786475835892,0.22744523964432878,0.0033906158392597594,0.04398159410909266,0.09578544061302681,0.25259271482603207,40.0314465408805,0.3346144287841522,0.25259271482603207,0.24671880362740606
6a7d91cf-79fc-83ea-9f2c-84e65258521c,Morning Study Reminder,205,25,180,0.1388888888888889,10318.565098716666,8,1.19202620541976,41.32,23.0,169,8.0,200,9,Thursday,August,2026,9,6,planning,9,98.47856154910096,39.73029045643153,33.23651452282158,47.67634854771784,79.46058091286307,7.053941908713693,99.00414937759336,93.56846473029046,Deep Technical Build,0,0,0,0,0,1,17.53174955917079,0.2601123310942044,27.182823682498373,76.1199093937118,0.0002709210670206799,3.3504968522140595,0.5631129368961993,0.8619076912705302,0.7024648569603269,0.5631129368961993,31.040727306127692
6a7d968b-12ec-83ea-b66f-9685c41ceb82,Notion usage assistance,174,73,101,0.7227722772277227,92.58964998333332,1,112.75558339273624,447.0958904109589,460.0,587,57.86301369863013,4224,10,Thursday,August,2026,10,22,build,3,72.3374827109267,95.0207468879668,56.18257261410789,54.024896265560166,90.04149377593362,60.16597510373444,63.56846473029046,96.36929460580912,Deep Technical Build,1,0,0,0,0,0,8.444219359303636,2.219610842714063,8.933528518759488,0.14464576753142264,0.025626838425537993,43.10571706603648,6.840086606275223,2.6571835472372274,8.098912951038756,6.840086606275223,6.841831451423012
6a7dacd2-83bc-83ea-9ee3-cdc8d655bf66,Notion Workspace Integration,12,5,7,0.7142857142857143,1.6498411666666668,1,436.4056459172282,43.8,13.0,161,6.0,30,11,Thursday,August,2026,11,1,research,1,42.60027662517289,26.45228215767635,26.390041493775936,31.74273858921162,52.9045643153527,81.32780082987551,33.941908713692946,54.149377593361,Researcher,0,0,0,1,0,0,0.5100568750021403,0.04214324537650225,0.5362177401865105,0.0025774213629751806,0.09918530541374335,0.19123861968574046,0.5309081959546239,0.14365128187842172,40.70062473577097,0.5309081959546239,0.4957128208836763
6a7db5c9-bb9c-83e8-ab90-a55b7d8b6af1,Weekend Long Read,7,2,5,0.4,2881.9993833,2,0.1457321616492103,204.5,204.5,258,34.0,68,12,Thursday,August,2026,12,1,learn,1,75.44951590594745,26.45228215767635,85.72614107883817,31.74273858921162,52.9045643153527,3.319502074688797,93.94190871369294,32.15767634854772,Learner,0,1,0,0,0,0,3.0448343218834806,0.05592367716336491,3.084588096787186,13.073756994719448,3.31216818503844e-05,0.11141741917488478,42.45264856992608,0.04931165923691226,3.253758279875012,2.452648569926083,6.8200344678961065
6a7e9f59-9c9c-83e9-963f-04df84b6c31b,AI DATA ANALYST,1567,637,930,0.6849462365591398,7748.01384705,4,12.134722763279193,1701.100470957614,25.0,66395,129.86813186813183,82726,3,Friday,August,2026,6,2239,research,781,98.68603042876902,50.0,59.83402489626556,60.0,100.0,19.50207468879668,97.84232365145228,100.0,Deep Technical Build,0,0,0,1,0,0,82.56508293551421,100.0,88.57142857142857,37.81841841110845,0.0027579528235875095,60.0,50.19683606856552,60.0,86.92911475808737,50.19683606856552,68.08805229888362
6a800557-bf94-83ee-952d-faa1bd8d7ba4,AI Video Workflow,110,47,63,0.746031746031746,99.51764035,1,66.319900439641,58.12765957446808,12.0,661,9.829787234042554,462,6,Saturday,August,2026,7,5,create_content,5,72.06085753803596,38.17427385892116,40.49792531120332,45.8091286307054,76.34854771784232,44.398340248962654,64.31535269709545,94.1908713692946,Deep Technical Build,0,0,0,0,1,0,5.385548467851119,0.3238608247114888,5.6636304489264795,0.15546883991820873,0.015073039594365074,1.8182620639459437,0.857679470959916,1.5358664722851902,1.0318786018846156,40.857679470959916,2.041602470841705
6a828f77-1e78-83e8-9059-90750a626f67,Product /market analysis,295,99,196,0.5051020408163265,355.9789169333333,1,49.72204576743179,227.5050505050505,36.0,15991,36.323232323232325,3596,4,Monday,August,2026,9,54,research,36,76.21023513139696,46.99170124481328,53.11203319502075,56.39004149377593,93.98340248962656,39.41908713692946,69.79253112033194,97.5103734439834,Deep Technical Build,0,0,0,1,0,0,13.586748678647776,2.9923177032479793,13.841357623075254,0.5561187851352197,0.011300716068586857,5.537613432378644,4.0051873726950085,4.0464773975354005,44.4708738178818,4.0051873726950085,6.702973579728267
6a82e4ef-0e1c-83ee-8781-3771db05455f,AI for Content Personalization,98,49,49,1.0,3002.9328333333333,2,1.9580857536107616,41.204081632653065,5.0,509,8.26530612244898,405,10,Monday,August,2026,12,6,build,9,93.7759336099585,89.73029045643153,34.35684647302905,47.67634854771784,79.46058091286307,7.883817427385892,94.1908713692946,93.98340248962654,Builder,1,0,0,0,0,0,7.915888503731832,0.3344541341549108,8.286008612944203,13.26268212515728,0.0004450293787789792,41.64232316128175,0.6360784636565862,1.6166246724026057,0.7501910239337047,0.6360784636565862,6.865646975040082
6a83e4a4-8f40-83ee-b0ae-cacbda9d0bd2,Review Python Project Files,69,23,46,0.5,49.609627116666665,1,83.4515444001219,2526.782608695652,16.0,33110,197.2608695652174,4537,4,Tuesday,August,2026,5,106,research,49,68.04979253112033,48.13278008298755,59.5850622406639,57.759336099585056,96.2655601659751,53.52697095435685,59.585062240663895,88.79668049792531,Researcher,0,0,0,1,0,0,3.0843548699791903,4.959290481876939,3.1647148124051183,0.0775013469921273,0.01896668156338326,2.7425580545045825,31.64531102676305,2.5855264451504354,81.09687401784203,31.64531102676305,22.00407935289621
6a859039-b044-83ee-ae5f-77040bbc31ca,Frangipani Perfume Recommendations,24,6,18,0.3333333333333333,6.5757345166666665,1,218.9869430327848,44.0,57.5,74,7.333333333333333,44,11,Wednesday,August,2026,11,1,other,0,55.39419087136929,26.45228215767635,29.377593360995853,31.74273858921162,52.9045643153527,73.02904564315352,45.64315352697095,66.39004149377593,Explorer,0,0,0,0,0,0,0.9373164063692253,0.047220246561135854,0.9360767729342875,0.01027276986593352,0.04977086577484015,0.3828095009117941,0.5383597583616404,0.17509782275892485,0.7071754848572408,0.5383597583616404,0.6577849083873427
6a869228-cd08-83e8-b058-78461a78c488,Morning Greeting,151,73,78,0.935897435897436,360.8658495166666,1,25.10628260372852,115.68493150684932,26.0,1119,19.34246575342466,1412,5,Thursday,August,2026,6,15,research,26,75.65698478561549,43.46473029045643,49.46058091286307,52.15767634854772,86.92946058091286,24.066390041493776,70.04149377593362,95.95435684647305,Deep Technical Build,0,0,0,1,0,0,7.971806502519052,0.9810111906202146,8.272608978529604,0.5637532681958837,0.005706100118436298,2.6291156937535405,1.8855565956153604,2.5321277187423634,42.17270757164417,1.8855565956153604,3.4546231767687186
6a87d6c2-033c-83e9-a8b3-04e5240f34b8,Morning Greeting,47,23,24,0.9583333333333334,100.8435764,1,27.96410143978194,91.7391304347826,63.0,402,17.130434782608695,394,4,Friday,August,2026,4,1,learn,4,69.70954356846472,26.45228215767635,85.8091286307054,31.74273858921162,52.9045643153527,26.55601659751037,64.5643153526971,87.13692946058092,Learner,0,1,0,0,0,0,2.431952619210193,0.1741452761769761,2.532530904359141,0.15754024895457897,0.006355618832785994,0.7499870232617302,41.23208222758103,0.7096890177274784,1.5475220907392029,1.2320822275810321,1.4876423119578752
6a87ebfc-4144-83e8-8e04-ea7e88aa9ff4,Spotify Wrapped Clone Proposal,76,29,47,0.6170212765957447,114.10389148333334,1,39.96358003851305,42.689655172413794,23.0,263,6.896551724137931,200,6,Friday,August,2026,7,6,build,4,71.16182572614109,89.73029045643153,33.7344398340249,47.67634854771784,79.46058091286307,32.780082987551864,64.81327800829877,90.97510373443984,Builder,1,0,0,0,0,0,3.60667484026279,0.2601123310942044,3.6960529169377576,0.17825583059121453,0.009082833663197605,41.29110987903398,0.5793745871984486,0.9876938547925428,0.7241470573633259,0.5793745871984486,1.4332320462248413
6a8825dc-80f8-83e8-96f0-1c198279f413,Get export data,26,11,15,0.7333333333333333,14.6884351,1,106.20600420530845,136.8181818181818,22.0,778,21.09090909090909,232,10,Friday,August,2026,10,14,other,0,59.33609958506224,43.04979253112033,47.468879668049794,51.6597510373444,86.09958506224066,57.67634854771784,51.61825726141079,75.72614107883818,Explorer,0,0,0,0,0,0,1.205635406684671,0.5218285622202373,1.2687052700065062,0.022946624911719973,0.024138264622439825,0.61795370242029,1.708548907800098,0.5645770657947591,2.2219764354079885,1.708548907800098,1.4697907196993483
